_id,country,email,gNumber,phone_number,state
638aef58f6c30ba48bdb353f,USA,mportriss0@apple.com,G5556238,4939967948,New York
638aef58f6c30ba48bdb3540,USA,rkerley1@amazonaws.com,G5576733,9762479641,New Jersey
638aef58f6c30ba48bdb3541,USA,rkellart2@whitehouse.gov,G5591708,0991636210,Colorado
638aef58f6c30ba48bdb3542,USA,gmcfarlane3@hexun.com,G5505370,0710480983,Connecticut
638aef58f6c30ba48bdb3543,USA,eroyans4@ow.ly,G5558279,8577681696,Iowa
638aef58f6c30ba48bdb3544,USA,lhaggie5@slashdot.org,G5516694,9952236269,California
638aef58f6c30ba48bdb3545,USA,ewhyman6@ehow.com,G5528967,0672523179,Maryland
638aef58f6c30ba48bdb3546,USA,hbagwell7@slashdot.org,G5587555,0576847049,Iowa
638aef58f6c30ba48bdb3547,USA,cbrisson8@ovh.net,G5568115,3114574163,Iowa
638aef58f6c30ba48bdb3548,USA,atheseira9@blogtalkradio.com,G5553475,0664516036,Indiana
638aef58f6c30ba48bdb3549,USA,jlowrea@taobao.com,G5596710,5936432940,Kansas
638aef58f6c30ba48bdb354a,USA,sshaylerb@npr.org,G5579178,3846622591,South Carolina
638aef58f6c30ba48bdb354b,USA,spallisterc@google.co.uk,G5527073,7141873136,Washington
638aef58f6c30ba48bdb354c,USA,fchengd@typepad.com,G5575134,3222979789,Utah
638aef58f6c30ba48bdb354d,USA,lhastwelle@cornell.edu,G5545932,0986818421,New York
638aef58f6c30ba48bdb354e,USA,rkindlesidef@msu.edu,G5557663,8854079845,West Virginia
638aef58f6c30ba48bdb354f,USA,rknaggsg@soundcloud.com,G5515613,6854342614,North Dakota
638aef58f6c30ba48bdb3550,USA,shexhamh@cbsnews.com,G5512151,8218571847,Louisiana
638aef58f6c30ba48bdb3551,USA,gstonhardi@shop-pro.jp,G5590383,5688774731,Virginia
638aef58f6c30ba48bdb3552,USA,cgritsunovj@mapy.cz,G5517247,3392861639,California
638aef58f6c30ba48bdb3553,USA,dzorzuttik@nasa.gov,G5586258,3312100553,Utah
638aef58f6c30ba48bdb3554,USA,nfermoyl@behance.net,G5594917,9691464260,North Carolina
638aef58f6c30ba48bdb3555,USA,rlindborgm@google.com,G5578198,1541239911,South Dakota
638aef58f6c30ba48bdb3556,USA,zkrausen@netlog.com,G5578228,0262997354,Vermont
638aef58f6c30ba48bdb3557,USA,thalfhideo@opensource.org,G5519191,7680593654,South Dakota
638aef58f6c30ba48bdb3558,USA,oolivettap@si.edu,G5590652,4938516949,Maryland
638aef58f6c30ba48bdb3559,USA,rwinnettq@simplemachines.org,G5511480,2442829293,Illinois
638aef58f6c30ba48bdb355a,USA,sduplainr@dagondesign.com,G5548666,5426330494,Delaware
638aef58f6c30ba48bdb355b,USA,lsambiedges@msn.com,G5516555,8472599859,Alabama
638aef58f6c30ba48bdb355c,USA,gheinemannt@bloglines.com,G5519591,9310644182,Mississippi
638aef58f6c30ba48bdb355d,USA,ikevlinu@taobao.com,G5560448,6937117935,California
638aef58f6c30ba48bdb355e,USA,bmilberryv@auda.org.au,G5512522,5543998210,Florida
638aef58f6c30ba48bdb355f,USA,wcohanw@mayoclinic.com,G5548212,9436672621,Illinois
638aef58f6c30ba48bdb3560,USA,clavensx@php.net,G5506976,8279138764,Virginia
638aef58f6c30ba48bdb3561,USA,hfettery@edublogs.org,G5556732,4472487857,Missouri
638aef58f6c30ba48bdb3562,USA,hfagencez@vk.com,G5546217,8564313224,Texas
638aef58f6c30ba48bdb3563,USA,rkindleside10@tumblr.com,G5529278,0336446551,Mississippi
638aef58f6c30ba48bdb3564,USA,lgaveltone11@nba.com,G5575221,5400569653,Maryland
638aef58f6c30ba48bdb3565,USA,nscoffins12@gmpg.org,G5557662,9987823177,Maryland
638aef58f6c30ba48bdb3566,USA,rmacneachtain13@tuttocitta.it,G5522555,9986707532,West Virginia
638aef58f6c30ba48bdb3567,USA,ssuttaby14@typepad.com,G5564458,2209892401,New Hampshire
638aef58f6c30ba48bdb3568,USA,rdallicott15@seesaa.net,G5578377,1612434500,Minnesota
638aef58f6c30ba48bdb3569,USA,sperham16@github.io,G5566813,6374456016,New York
638aef58f6c30ba48bdb356a,USA,egowler17@mail.ru,G5524906,4407413606,South Dakota
638aef58f6c30ba48bdb356b,USA,gdebiasio18@phoca.cz,G5535480,1159877227,North Dakota
638aef58f6c30ba48bdb356c,USA,ldaelman19@omniture.com,G5530309,7682104356,Delaware
638aef58f6c30ba48bdb356d,USA,hmcchesney1a@youku.com,G5566093,2756993039,Oklahoma
638aef58f6c30ba48bdb356e,USA,gsansom1b@ucoz.ru,G5559398,7955816567,Utah
638aef58f6c30ba48bdb356f,USA,achinge1c@booking.com,G5549874,5945442509,Delaware
638aef58f6c30ba48bdb3570,USA,gmanketell1d@360.cn,G5595851,2847621867,Iowa
638aef58f6c30ba48bdb3571,USA,dshawcross1e@senate.gov,G5569355,0711944387,Wyoming
638aef58f6c30ba48bdb3572,USA,ibeedell1f@lycos.com,G5581849,1768275886,Tennessee
638aef58f6c30ba48bdb3573,USA,ldoig1g@cbslocal.com,G5505291,2271881564,Colorado
638aef58f6c30ba48bdb3574,USA,kpariso1h@jimdo.com,G5523153,9834664584,Illinois
638aef58f6c30ba48bdb3575,USA,gphear1i@slideshare.net,G5575049,3001105263,Ohio
638aef58f6c30ba48bdb3576,USA,tberick1j@narod.ru,G5502141,4525866967,Utah
638aef58f6c30ba48bdb3577,USA,kkirsz1k@sitemeter.com,G5584888,0608390874,Georgia
638aef58f6c30ba48bdb3578,USA,ctidridge1l@who.int,G5572166,3210134858,Iowa
638aef58f6c30ba48bdb3579,USA,schristall1m@mapy.cz,G5515199,0215549920,New Jersey
638aef58f6c30ba48bdb357a,USA,hhanretty1n@psu.edu,G5557071,1674620876,South Carolina
638aef58f6c30ba48bdb357b,USA,hbrabyn1o@about.me,G5586849,1439360732,Vermont
638aef58f6c30ba48bdb357c,USA,wcamier1p@newsvine.com,G5515227,6356001860,Utah
638aef58f6c30ba48bdb357d,USA,vhelliar1q@amazon.com,G5562971,7147858345,Virginia
638aef58f6c30ba48bdb357e,USA,cperelli1r@google.co.uk,G5596393,8529896258,Wyoming
638aef58f6c30ba48bdb357f,USA,ltweedle1s@yahoo.com,G5501455,8389057587,North Dakota
638aef58f6c30ba48bdb3580,USA,dhastewell1t@youtube.com,G5580560,1471844695,Nebraska
638aef58f6c30ba48bdb3581,USA,mdollin1u@harvard.edu,G5537929,4036481379,Michigan
638aef58f6c30ba48bdb3582,USA,ablasgen1v@about.me,G5532214,5901799717,Arkansas
638aef58f6c30ba48bdb3583,USA,sbendix1w@nasa.gov,G5588629,1290877082,Wisconsin
638aef58f6c30ba48bdb3584,USA,dmandel1x@typepad.com,G5560214,2981617998,Idaho
638aef58f6c30ba48bdb3585,USA,kgentil1y@goodreads.com,G5510995,7805819326,Michigan
638aef58f6c30ba48bdb3586,USA,rfishenden1z@latimes.com,G5596889,5346127025,North Dakota
638aef58f6c30ba48bdb3587,USA,hleat20@hc360.com,G5566336,3034878538,North Carolina
638aef58f6c30ba48bdb3588,USA,vhursey21@newsvine.com,G5558534,1899309329,Kansas
638aef58f6c30ba48bdb3589,USA,hfriskey22@cisco.com,G5539143,7754343106,New York
638aef58f6c30ba48bdb358a,USA,spopland23@si.edu,G5591694,7513094943,Wisconsin
638aef58f6c30ba48bdb358b,USA,cstouther24@gov.uk,G5591853,9675749718,Alabama
638aef58f6c30ba48bdb358c,USA,pduchesne25@kickstarter.com,G5511650,6241546487,New Hampshire
638aef58f6c30ba48bdb358d,USA,brouthorn26@ox.ac.uk,G5588176,4491363708,Maine
638aef58f6c30ba48bdb358e,USA,tstandidge27@accuweather.com,G5564297,8207760471,Nebraska
638aef58f6c30ba48bdb358f,USA,cpalmar28@businesswire.com,G5543574,4960275637,Illinois
638aef58f6c30ba48bdb3590,USA,cinsley29@geocities.com,G5567924,0364344036,Missouri
638aef58f6c30ba48bdb3591,USA,cdonnellan2a@odnoklassniki.ru,G5558612,6274953019,New York
638aef58f6c30ba48bdb3592,USA,awiltshire2b@youku.com,G5594552,7683287292,Missouri
638aef58f6c30ba48bdb3593,USA,adearman2c@multiply.com,G5521239,5431648041,Arizona
638aef58f6c30ba48bdb3594,USA,lcruikshank2d@ucla.edu,G5546245,7492420649,Ohio
638aef58f6c30ba48bdb3595,USA,gfownes2e@wikia.com,G5585926,7387973651,Alabama
638aef58f6c30ba48bdb3596,USA,hnoad2f@chronoengine.com,G5511600,7674687831,Colorado
638aef58f6c30ba48bdb3597,USA,ecleaton2g@google.com.au,G5513633,0880042734,New Jersey
638aef58f6c30ba48bdb3598,USA,gkyd2h@diigo.com,G5505923,0227619402,Vermont
638aef58f6c30ba48bdb3599,USA,hgraver2i@examiner.com,G5519797,1558082093,Wyoming
638aef58f6c30ba48bdb359a,USA,vrhoddie2j@geocities.com,G5537397,9327005537,Tennessee
638aef58f6c30ba48bdb359b,USA,pheigho2k@moonfruit.com,G5520796,1796535939,Washington
638aef58f6c30ba48bdb359c,USA,egaul2l@latimes.com,G5521850,3189372162,New Mexico
638aef58f6c30ba48bdb359d,USA,rmeritt2m@jigsy.com,G5583011,3816188404,Iowa
638aef58f6c30ba48bdb359e,USA,pstoodley2n@cornell.edu,G5587267,6957168754,Washington
638aef58f6c30ba48bdb359f,USA,aosheils2o@ted.com,G5592288,7970834075,Ohio
638aef58f6c30ba48bdb35a0,USA,hkosiada2p@jimdo.com,G5570114,3131631376,New Jersey
638aef58f6c30ba48bdb35a1,USA,mjeckells2q@ted.com,G5560210,1729365931,Alaska
638aef58f6c30ba48bdb35a2,USA,ispencley2r@hhs.gov,G5578644,4368194995,Oregon
638aef58f6c30ba48bdb35a3,USA,dfeige2s@buzzfeed.com,G5506828,7499010549,Wisconsin
638aef58f6c30ba48bdb35a4,USA,sweaver2t@dyndns.org,G5545379,4926654801,Missouri
638aef58f6c30ba48bdb35a5,USA,pgarretson2u@seesaa.net,G5534531,4938364621,Iowa
638aef58f6c30ba48bdb35a6,USA,mmaple2v@ameblo.jp,G5597540,6126575816,Connecticut
638aef58f6c30ba48bdb35a7,USA,aleonarde2w@opensource.org,G5581227,5409044506,Massachusetts
638aef58f6c30ba48bdb35a8,USA,nbrinkworth2x@elegantthemes.com,G5576229,0141978078,Connecticut
638aef58f6c30ba48bdb35a9,USA,jpenwright2y@homestead.com,G5576784,3298382109,Illinois
638aef58f6c30ba48bdb35aa,USA,eamerici2z@creativecommons.org,G5524555,3570103182,Iowa
638aef58f6c30ba48bdb35ab,USA,wtimny30@rakuten.co.jp,G5582041,2656744467,Oregon
638aef58f6c30ba48bdb35ac,USA,meddington31@wix.com,G5527631,3095282770,Wisconsin
638aef58f6c30ba48bdb35ad,USA,amarkie32@github.io,G5564280,3585311015,Washington
638aef58f6c30ba48bdb35ae,USA,ugoligher33@macromedia.com,G5598528,2716065314,Georgia
638aef58f6c30ba48bdb35af,USA,tgiorgielli34@state.gov,G5510063,6140384162,Florida
638aef58f6c30ba48bdb35b0,USA,jbristow35@51.la,G5573908,6805397368,Montana
638aef58f6c30ba48bdb35b1,USA,emidford36@ow.ly,G5577425,2650636217,West Virginia
638aef58f6c30ba48bdb35b2,USA,crhodes37@fastcompany.com,G5598093,6802631677,Montana
638aef58f6c30ba48bdb35b3,USA,qbaum38@altervista.org,G5596014,3863781473,Illinois
638aef58f6c30ba48bdb35b4,USA,fvamplew39@shutterfly.com,G5519522,9023786312,Michigan
638aef58f6c30ba48bdb35b5,USA,hnealon3a@harvard.edu,G5561749,4845515111,Ohio
638aef58f6c30ba48bdb35b6,USA,bsizey3b@yolasite.com,G5521659,8910756745,Alabama
638aef58f6c30ba48bdb35b7,USA,bmawtus3c@whitehouse.gov,G5538147,7296465453,West Virginia
638aef58f6c30ba48bdb35b8,USA,ttowlson3d@addtoany.com,G5594885,9257812043,Pennsylvania
638aef58f6c30ba48bdb35b9,USA,mpohls3e@exblog.jp,G5550138,6962590853,Arkansas
638aef58f6c30ba48bdb35ba,USA,igross3f@fotki.com,G5597021,5574723763,Texas
638aef58f6c30ba48bdb35bb,USA,adunnico3g@imgur.com,G5513805,3380621557,Washington
638aef58f6c30ba48bdb35bc,USA,lgarm3h@multiply.com,G5565315,4228188518,New Jersey
638aef58f6c30ba48bdb35bd,USA,imayger3i@arstechnica.com,G5521704,7793369083,Louisiana
638aef58f6c30ba48bdb35be,USA,gfooter3j@google.cn,G5509407,1386818695,Maine
638aef58f6c30ba48bdb35bf,USA,rlooney3k@mapquest.com,G5532238,9981741216,Nevada
638aef58f6c30ba48bdb35c0,USA,swithull3l@hp.com,G5582560,9759362233,Ohio
638aef58f6c30ba48bdb35c1,USA,kwolffers3m@google.ca,G5589442,1937357474,Alabama
638aef58f6c30ba48bdb35c2,USA,aroot3n@histats.com,G5533785,5195275770,Kentucky
638aef58f6c30ba48bdb35c3,USA,crannie3o@paypal.com,G5507750,9137689443,Pennsylvania
638aef58f6c30ba48bdb35c4,USA,kiacovazzi3p@reverbnation.com,G5599375,7018140740,Idaho
638aef58f6c30ba48bdb35c5,USA,sspeak3q@diigo.com,G5548919,5128833704,Kansas
638aef58f6c30ba48bdb35c6,USA,mtregidgo3r@mozilla.com,G5533521,8738468523,Washington
638aef58f6c30ba48bdb35c7,USA,tloyndon3s@nsw.gov.au,G5564255,5044967793,Alabama
638aef58f6c30ba48bdb35c8,USA,sregan3t@studiopress.com,G5502299,8324177596,Minnesota
638aef58f6c30ba48bdb35c9,USA,thallt3u@ow.ly,G5565284,8385328376,Maryland
638aef58f6c30ba48bdb35ca,USA,ntrayes3v@statcounter.com,G5506537,2858402624,Wisconsin
638aef58f6c30ba48bdb35cb,USA,kcollerd3w@mozilla.org,G5521204,5618232803,Kentucky
638aef58f6c30ba48bdb35cc,USA,grecke3x@nsw.gov.au,G5555737,2628401355,Nebraska
638aef58f6c30ba48bdb35cd,USA,tbengtsen3y@upenn.edu,G5571155,0024106493,Maryland
638aef58f6c30ba48bdb35ce,USA,lcupitt3z@admin.ch,G5567347,7944481249,Texas
638aef58f6c30ba48bdb35cf,USA,sskaife40@digg.com,G5529811,9131023843,Wyoming
638aef58f6c30ba48bdb35d0,USA,kruddle41@freewebs.com,G5570478,1840988055,Colorado
638aef58f6c30ba48bdb35d1,USA,bphythien42@blogs.com,G5582247,6207099759,Florida
638aef58f6c30ba48bdb35d2,USA,ppiffe43@sakura.ne.jp,G5571087,6137905027,Montana
638aef58f6c30ba48bdb35d3,USA,dplacide44@webmd.com,G5504128,9043284114,Washington
638aef58f6c30ba48bdb35d4,USA,ldumbrall45@over-blog.com,G5525139,5525769395,Colorado
638aef58f6c30ba48bdb35d5,USA,sachromov46@hibu.com,G5532872,8869410990,Wyoming
638aef58f6c30ba48bdb35d6,USA,amccrystal47@163.com,G5558106,1758520581,Ohio
638aef58f6c30ba48bdb35d7,USA,lshillom48@github.com,G5532981,7149495145,Georgia
638aef58f6c30ba48bdb35d8,USA,klownie49@senate.gov,G5527733,9605826690,New Hampshire
638aef58f6c30ba48bdb35d9,USA,jrout4a@unicef.org,G5530098,1464208265,Ohio
638aef58f6c30ba48bdb35da,USA,pmacgaughey4b@moonfruit.com,G5545609,8217673242,Hawaii
638aef58f6c30ba48bdb35db,USA,sfetters4c@bigcartel.com,G5528190,6729979467,West Virginia
638aef58f6c30ba48bdb35dc,USA,rudell4d@bbb.org,G5575609,7174904352,Iowa
638aef58f6c30ba48bdb35dd,USA,ewinger4e@cdbaby.com,G5513491,8588238993,Vermont
638aef58f6c30ba48bdb35de,USA,hlinnemann4f@delicious.com,G5522271,1765810590,Iowa
638aef58f6c30ba48bdb35df,USA,jdamrell4g@prnewswire.com,G5524916,2548162870,West Virginia
638aef58f6c30ba48bdb35e0,USA,msparrow4h@virginia.edu,G5541215,7027648366,Iowa
638aef58f6c30ba48bdb35e1,USA,rwaleran4i@utexas.edu,G5561942,3836424385,Indiana
638aef58f6c30ba48bdb35e2,USA,sklimt4j@squarespace.com,G5553553,0894489137,Nebraska
638aef58f6c30ba48bdb35e3,USA,llansdale4k@ycombinator.com,G5500128,0910592226,Connecticut
638aef58f6c30ba48bdb35e4,USA,tcourvert4l@booking.com,G5513900,0747254713,Idaho
638aef58f6c30ba48bdb35e5,USA,gvasyunin4m@seattletimes.com,G5583069,9592727440,North Dakota
638aef58f6c30ba48bdb35e6,USA,kfoynes4n@rakuten.co.jp,G5524235,0850185524,Washington
638aef58f6c30ba48bdb35e7,USA,pautin4o@meetup.com,G5576455,8384306331,Colorado
638aef58f6c30ba48bdb35e8,USA,amaun4p@delicious.com,G5595676,3905540993,Kansas
638aef58f6c30ba48bdb35e9,USA,wkitchinghan4q@smugmug.com,G5580120,0015177330,Iowa
638aef58f6c30ba48bdb35ea,USA,cconkling4r@springer.com,G5596361,6802592244,Iowa
638aef58f6c30ba48bdb35eb,USA,jmonroe4s@mozilla.org,G5571426,3595872766,Wisconsin
638aef58f6c30ba48bdb35ec,USA,arubinsztein4t@naver.com,G5532610,3733320288,Vermont
638aef58f6c30ba48bdb35ed,USA,nforre4u@zimbio.com,G5560216,5453290702,South Carolina
638aef58f6c30ba48bdb35ee,USA,cfatscher4v@sogou.com,G5594577,2565015311,Alaska
638aef58f6c30ba48bdb35ef,USA,fdrillingcourt4w@ask.com,G5587004,8026771785,Illinois
638aef58f6c30ba48bdb35f0,USA,ifitt4x@bbb.org,G5570620,8385995607,Idaho
638aef58f6c30ba48bdb35f1,USA,jrowaszkiewicz4y@narod.ru,G5543511,2681194543,Washington
638aef58f6c30ba48bdb35f2,USA,cwyllis4z@eepurl.com,G5584009,9019825252,Massachusetts
638aef58f6c30ba48bdb35f3,USA,lmatias50@xinhuanet.com,G5537499,1548718754,Alabama
638aef58f6c30ba48bdb35f4,USA,fsimecek51@opera.com,G5573445,1695199355,Oregon
638aef58f6c30ba48bdb35f5,USA,shothersall52@hatena.ne.jp,G5541929,8116149901,South Carolina
638aef58f6c30ba48bdb35f6,USA,ckorlat53@marriott.com,G5572968,2577139983,Nebraska
638aef58f6c30ba48bdb35f7,USA,fdelafeld54@hhs.gov,G5566925,8635873814,New Jersey
638aef58f6c30ba48bdb35f8,USA,hharcombe55@i2i.jp,G5565015,6319534401,New Mexico
638aef58f6c30ba48bdb35f9,USA,jkiggel56@vk.com,G5568639,3365803233,Wyoming
638aef58f6c30ba48bdb35fa,USA,acolvine57@tumblr.com,G5510160,0722578230,Maine
638aef58f6c30ba48bdb35fb,USA,clearie58@drupal.org,G5577084,8737352805,South Carolina
638aef58f6c30ba48bdb35fc,USA,egraith59@aboutads.info,G5591635,7942463243,Hawaii
638aef58f6c30ba48bdb35fd,USA,bcowderoy5a@narod.ru,G5557824,7263856914,Tennessee
638aef58f6c30ba48bdb35fe,USA,galthrop5b@ovh.net,G5576207,2809117223,West Virginia
638aef58f6c30ba48bdb35ff,USA,whains5c@amazon.com,G5539974,3165854689,Maryland
638aef58f6c30ba48bdb3600,USA,mboddie5d@google.com.au,G5513775,6071382519,Virginia
638aef58f6c30ba48bdb3601,USA,dgallyon5e@cocolog-nifty.com,G5538369,7433250470,Alaska
638aef58f6c30ba48bdb3602,USA,vtilling5f@sourceforge.net,G5578073,6261137547,Hawaii
638aef58f6c30ba48bdb3603,USA,bgresswood5g@ibm.com,G5549272,0807535835,Alaska
638aef58f6c30ba48bdb3604,USA,zcranny5h@unesco.org,G5512171,9509194961,Wyoming
638aef58f6c30ba48bdb3605,USA,arudyard5i@phoca.cz,G5578303,4981127195,Minnesota
638aef58f6c30ba48bdb3606,USA,rthing5j@ocn.ne.jp,G5540106,3876962579,Maine
638aef58f6c30ba48bdb3607,USA,ckrolman5k@blogspot.com,G5564240,0150832147,Texas
638aef58f6c30ba48bdb3608,USA,jwitnall5l@prweb.com,G5541732,6528201666,Kentucky
638aef58f6c30ba48bdb3609,USA,spickerin5m@harvard.edu,G5589737,5931155041,Kentucky
638aef58f6c30ba48bdb360a,USA,croger5n@google.co.jp,G5503753,7235290094,New Mexico
638aef58f6c30ba48bdb360b,USA,rrihosek5o@un.org,G5578926,1577812057,Kentucky
638aef58f6c30ba48bdb360c,USA,jseiffert5p@harvard.edu,G5534548,8811753178,New Mexico
638aef58f6c30ba48bdb360d,USA,spraundl5q@amazon.co.uk,G5562007,0091981725,Wyoming
638aef58f6c30ba48bdb360e,USA,dyielding5r@upenn.edu,G5524547,2100857439,Washington
638aef58f6c30ba48bdb360f,USA,lroloff5s@amazon.co.jp,G5550138,8074526869,New Jersey
638aef58f6c30ba48bdb3610,USA,dcrosskell5t@xrea.com,G5590766,9157912532,Louisiana
638aef58f6c30ba48bdb3611,USA,cfairbourn5u@imdb.com,G5523411,1954410179,New Hampshire
638aef58f6c30ba48bdb3612,USA,rfranklin5v@japanpost.jp,G5536041,6774415265,Virginia
638aef58f6c30ba48bdb3613,USA,awadeling5w@aboutads.info,G5546864,2936829309,Wisconsin
638aef58f6c30ba48bdb3614,USA,barsmith5x@vinaora.com,G5536039,8774011332,Missouri
638aef58f6c30ba48bdb3615,USA,mpennings5y@networksolutions.com,G5500282,9373992783,Texas
638aef58f6c30ba48bdb3616,USA,imcnern5z@kickstarter.com,G5597671,6780475355,Massachusetts
638aef58f6c30ba48bdb3617,USA,hcarlisso60@sun.com,G5580356,8077751764,Mississippi
638aef58f6c30ba48bdb3618,USA,cshenfisch61@intel.com,G5585208,7418061965,North Dakota
638aef58f6c30ba48bdb3619,USA,lroman62@yelp.com,G5574709,5867132281,Virginia
638aef58f6c30ba48bdb361a,USA,gbelt63@cocolog-nifty.com,G5563557,7119394428,Wisconsin
638aef58f6c30ba48bdb361b,USA,cauld64@google.co.uk,G5567809,7704448568,Georgia
638aef58f6c30ba48bdb361c,USA,rtourmell65@pen.io,G5579643,7920682551,Oregon
638aef58f6c30ba48bdb361d,USA,nmatuszak66@eepurl.com,G5513889,2284336428,South Carolina
638aef58f6c30ba48bdb361e,USA,pjones67@berkeley.edu,G5588485,5263568235,North Dakota
638aef58f6c30ba48bdb361f,USA,amccrachen68@amazonaws.com,G5500970,0598383728,New York
638aef58f6c30ba48bdb3620,USA,rhackey69@un.org,G5541915,8376194596,Kentucky
638aef58f6c30ba48bdb3621,USA,lpethick6a@uol.com.br,G5541405,1373748430,Indiana
638aef58f6c30ba48bdb3622,USA,cjossum6b@sciencedirect.com,G5547558,7272615707,Pennsylvania
638aef58f6c30ba48bdb3623,USA,hhakey6c@ifeng.com,G5523443,4906573160,Michigan
638aef58f6c30ba48bdb3624,USA,mlonglands6d@ihg.com,G5562286,3349103817,Minnesota
638aef58f6c30ba48bdb3625,USA,vpearcy6e@apple.com,G5518947,9505078266,Iowa
638aef58f6c30ba48bdb3626,USA,cdibbert6f@ning.com,G5589813,1601298325,Minnesota
638aef58f6c30ba48bdb3627,USA,gpea6g@about.me,G5513627,7369100774,Hawaii
638aef58f6c30ba48bdb3628,USA,plantaph6h@dagondesign.com,G5572370,2035634345,Maine
638aef58f6c30ba48bdb3629,USA,skippins6i@columbia.edu,G5593599,5790299228,South Carolina
638aef58f6c30ba48bdb362a,USA,msandbach6j@sogou.com,G5518835,2720340303,Washington
638aef58f6c30ba48bdb362b,USA,jgolder6k@reverbnation.com,G5594904,9411102454,Arizona
638aef58f6c30ba48bdb362c,USA,slucey6l@unesco.org,G5571430,0334223724,Ohio
638aef58f6c30ba48bdb362d,USA,gcassell6m@freewebs.com,G5533163,5623008463,New Hampshire
638aef58f6c30ba48bdb362e,USA,tlogie6n@answers.com,G5515229,7903028644,Alabama
638aef58f6c30ba48bdb362f,USA,tgurery6o@google.nl,G5576013,2427759822,Montana
638aef58f6c30ba48bdb3630,USA,tbaldocci6p@typepad.com,G5575639,2033160827,Florida
638aef58f6c30ba48bdb3631,USA,sdearsley6q@twitpic.com,G5591684,3953330721,Rhode Island
638aef58f6c30ba48bdb3632,USA,bbolderoe6r@i2i.jp,G5532523,3624235193,Texas
638aef58f6c30ba48bdb3633,USA,ggoudge6s@va.gov,G5592068,7989079641,Oklahoma
638aef58f6c30ba48bdb3634,USA,hcahey6t@friendfeed.com,G5514220,5210909219,Minnesota
638aef58f6c30ba48bdb3635,USA,mrand6u@seesaa.net,G5552323,9840865779,Connecticut
638aef58f6c30ba48bdb3636,USA,dbeharrell6v@scribd.com,G5583470,7352294935,Indiana
638aef58f6c30ba48bdb3637,USA,kwatkiss6w@va.gov,G5588954,3985274511,Virginia
638aef58f6c30ba48bdb3638,USA,ggrane6x@facebook.com,G5544006,9960467388,Utah
638aef58f6c30ba48bdb3639,USA,gvedstra6y@over-blog.com,G5517254,4624338736,Hawaii
638aef58f6c30ba48bdb363a,USA,glaverack6z@surveymonkey.com,G5515920,7635688016,Virginia
638aef58f6c30ba48bdb363b,USA,jsummerscales70@lulu.com,G5518420,4559139462,Washington
638aef58f6c30ba48bdb363c,USA,cromaines71@123-reg.co.uk,G5518778,8593794853,Georgia
638aef58f6c30ba48bdb363d,USA,glorden72@mysql.com,G5501939,7194931524,Ohio
638aef58f6c30ba48bdb363e,USA,iipwell73@ezinearticles.com,G5577019,5221110987,Alaska
638aef58f6c30ba48bdb363f,USA,khacking74@zimbio.com,G5502178,1677307102,Florida
638aef58f6c30ba48bdb3640,USA,jadamolli75@google.co.uk,G5545866,1693776806,North Carolina
638aef58f6c30ba48bdb3641,USA,cholbury76@flavors.me,G5597625,8888657887,Montana
638aef58f6c30ba48bdb3642,USA,fgittis77@utexas.edu,G5530875,2864561531,Delaware
638aef58f6c30ba48bdb3643,USA,gmccleary78@google.ru,G5575695,2267638069,New Jersey
638aef58f6c30ba48bdb3644,USA,vjorn79@umn.edu,G5529403,7082978167,Colorado
638aef58f6c30ba48bdb3645,USA,pswanne7a@bigcartel.com,G5590799,0690208649,New York
638aef58f6c30ba48bdb3646,USA,wshirrell7b@telegraph.co.uk,G5594224,1384935250,Florida
638aef58f6c30ba48bdb3647,USA,fupstell7c@ox.ac.uk,G5521450,7420188278,Connecticut
638aef58f6c30ba48bdb3648,USA,kdurbann7d@seattletimes.com,G5534640,8864075428,Louisiana
638aef58f6c30ba48bdb3649,USA,dgauntlett7e@mozilla.com,G5568252,4036533328,Louisiana
638aef58f6c30ba48bdb364a,USA,rcollidge7f@lulu.com,G5510625,3728490375,Maryland
638aef58f6c30ba48bdb364b,USA,zmapledoram7g@devhub.com,G5585792,3802962685,Florida
638aef58f6c30ba48bdb364c,USA,gpuckett7h@si.edu,G5554431,7011821031,Oregon
638aef58f6c30ba48bdb364d,USA,mmcgooch7i@cmu.edu,G5595534,9066401094,Minnesota
638aef58f6c30ba48bdb364e,USA,tderdes7j@paginegialle.it,G5562996,0071130612,Oregon
638aef58f6c30ba48bdb364f,USA,jbrennon7k@hugedomains.com,G5592324,3399310092,Mississippi
638aef58f6c30ba48bdb3650,USA,weccleston7l@google.pl,G5562063,6704140311,Alabama
638aef58f6c30ba48bdb3651,USA,bclynter7m@woothemes.com,G5504750,0158241679,New Hampshire
638aef58f6c30ba48bdb3652,USA,fbartusek7n@sitemeter.com,G5593132,2996155373,Texas
638aef58f6c30ba48bdb3653,USA,dusher7o@disqus.com,G5568516,1616133048,West Virginia
638aef58f6c30ba48bdb3654,USA,nlittleover7p@cbslocal.com,G5599812,7930528389,Oklahoma
638aef58f6c30ba48bdb3655,USA,groebottom7q@google.de,G5539987,5972787724,Arizona
638aef58f6c30ba48bdb3656,USA,jmccleverty7r@stumbleupon.com,G5502122,5836731267,Minnesota
638aef58f6c30ba48bdb3657,USA,msymmers7s@1688.com,G5538117,9279410574,Hawaii
638aef58f6c30ba48bdb3658,USA,ejansa7t@gizmodo.com,G5536307,6255450579,Kentucky
638aef58f6c30ba48bdb3659,USA,gsiss7u@spiegel.de,G5509222,2830259515,Idaho
638aef58f6c30ba48bdb365a,USA,scousen7v@blogspot.com,G5527999,3942682653,New York
638aef58f6c30ba48bdb365b,USA,mriste7w@sfgate.com,G5548278,8145150858,Florida
638aef58f6c30ba48bdb365c,USA,btotaro7x@jugem.jp,G5529850,8651261169,Iowa
638aef58f6c30ba48bdb365d,USA,jdand7y@devhub.com,G5559065,3033016787,Nebraska
638aef58f6c30ba48bdb365e,USA,mnorcliff7z@addthis.com,G5543757,4121612225,North Dakota
638aef58f6c30ba48bdb365f,USA,abadwick80@youku.com,G5506240,8697367147,Alaska
638aef58f6c30ba48bdb3660,USA,aadame81@linkedin.com,G5552123,1018932225,Hawaii
638aef58f6c30ba48bdb3661,USA,rrackham82@go.com,G5595435,6142557891,Texas
638aef58f6c30ba48bdb3662,USA,gianson83@fastcompany.com,G5570175,6725579627,Montana
638aef58f6c30ba48bdb3663,USA,jmansfield84@bloglovin.com,G5590214,7195834729,Kansas
638aef58f6c30ba48bdb3664,USA,mlemme85@mail.ru,G5507023,8455343276,Montana
638aef58f6c30ba48bdb3665,USA,klink86@omniture.com,G5521730,2047745627,Arkansas
638aef58f6c30ba48bdb3666,USA,mcavalier87@quantcast.com,G5540990,4147354673,Missouri
638aef58f6c30ba48bdb3667,USA,akee88@walmart.com,G5571110,7198264528,Wyoming
638aef58f6c30ba48bdb3668,USA,ttregidga89@shareasale.com,G5527832,2313815990,Connecticut
638aef58f6c30ba48bdb3669,USA,askittrell8a@altervista.org,G5598933,9043795596,Colorado
638aef58f6c30ba48bdb366a,USA,jjordin8b@typepad.com,G5585368,7876986723,Missouri
638aef58f6c30ba48bdb366b,USA,jwightman8c@lulu.com,G5517159,2179005415,Virginia
638aef58f6c30ba48bdb366c,USA,elamb8d@infoseek.co.jp,G5514658,2279019652,Montana
638aef58f6c30ba48bdb366d,USA,mrevelle8e@sakura.ne.jp,G5535593,7441526150,North Carolina
638aef58f6c30ba48bdb366e,USA,clamond8f@marriott.com,G5572335,8163587114,North Carolina
638aef58f6c30ba48bdb366f,USA,kperch8g@house.gov,G5556830,0250092145,North Dakota
638aef58f6c30ba48bdb3670,USA,kesh8h@mlb.com,G5591168,1404417913,Indiana
638aef58f6c30ba48bdb3671,USA,dlaverick8i@biglobe.ne.jp,G5582714,2306963352,Maryland
638aef58f6c30ba48bdb3672,USA,flutton8j@altervista.org,G5505226,4347126108,California
638aef58f6c30ba48bdb3673,USA,kdownes8k@psu.edu,G5516774,3504221642,Minnesota
638aef58f6c30ba48bdb3674,USA,vseaward8l@bizjournals.com,G5510079,7395325706,Vermont
638aef58f6c30ba48bdb3675,USA,tneads8m@joomla.org,G5540384,6314860463,Minnesota
638aef58f6c30ba48bdb3676,USA,gbarling8n@macromedia.com,G5592715,9777178023,Arkansas
638aef58f6c30ba48bdb3677,USA,vmullord8o@disqus.com,G5555539,5210305238,West Virginia
638aef58f6c30ba48bdb3678,USA,orobbie8p@craigslist.org,G5582707,2469088472,California
638aef58f6c30ba48bdb3679,USA,bbaylis8q@desdev.cn,G5578570,1544345751,Virginia
638aef58f6c30ba48bdb367a,USA,cbruck8r@macromedia.com,G5583508,4357168745,Wyoming
638aef58f6c30ba48bdb367b,USA,cstaples8s@washingtonpost.com,G5591260,2013204570,Mississippi
638aef58f6c30ba48bdb367c,USA,cwalrond8t@dmoz.org,G5597632,7524820555,Massachusetts
638aef58f6c30ba48bdb367d,USA,amichelin8u@prnewswire.com,G5513001,4448886640,Delaware
638aef58f6c30ba48bdb367e,USA,vferroli8v@phpbb.com,G5551918,7794959434,Massachusetts
638aef58f6c30ba48bdb367f,USA,gcotgrave8w@skyrock.com,G5558580,5777336158,Washington
638aef58f6c30ba48bdb3680,USA,upearne8x@businessweek.com,G5565070,0532304746,Florida
638aef58f6c30ba48bdb3681,USA,bcattrell8y@utexas.edu,G5514954,8529900268,Kentucky
638aef58f6c30ba48bdb3682,USA,vobyrne8z@xrea.com,G5508050,2886064252,South Carolina
638aef58f6c30ba48bdb3683,USA,llamcken90@chicagotribune.com,G5556498,6002614715,Massachusetts
638aef58f6c30ba48bdb3684,USA,dfeehery91@reference.com,G5567175,4931274358,New Hampshire
638aef58f6c30ba48bdb3685,USA,agaddesby92@huffingtonpost.com,G5533429,1983385986,Illinois
638aef58f6c30ba48bdb3686,USA,arossbrook93@paypal.com,G5583432,8009465913,Kansas
638aef58f6c30ba48bdb3687,USA,bremon94@shop-pro.jp,G5561957,2850869430,Texas
638aef58f6c30ba48bdb3688,USA,sdat95@oracle.com,G5519110,2717500631,Michigan
638aef58f6c30ba48bdb3689,USA,bbellhanger96@nytimes.com,G5534211,9886315310,New Hampshire
638aef58f6c30ba48bdb368a,USA,bdamsell97@businesswire.com,G5532519,4454429127,Mississippi
638aef58f6c30ba48bdb368b,USA,emertel98@gizmodo.com,G5558255,7932178434,California
638aef58f6c30ba48bdb368c,USA,ihoxey99@columbia.edu,G5536942,8907631579,Louisiana
638aef58f6c30ba48bdb368d,USA,wbudnk9a@wired.com,G5566313,5693126633,Rhode Island
638aef58f6c30ba48bdb368e,USA,kmcardle9b@apache.org,G5596065,4509654325,California
638aef58f6c30ba48bdb368f,USA,pkuhnt9c@technorati.com,G5546975,6067178193,Ohio
638aef58f6c30ba48bdb3690,USA,cbenford9d@reference.com,G5578100,1486900232,Kansas
638aef58f6c30ba48bdb3691,USA,dnucator9e@apache.org,G5505586,4067097168,Wyoming
638aef58f6c30ba48bdb3692,USA,jwillingam9f@weebly.com,G5542555,2450677979,Massachusetts
638aef58f6c30ba48bdb3693,USA,iyarnley9g@cbc.ca,G5566062,8378233260,Maine
638aef58f6c30ba48bdb3694,USA,cstetlye9h@census.gov,G5548134,8588538051,Illinois
638aef58f6c30ba48bdb3695,USA,hpitrollo9i@weebly.com,G5500363,9713382090,Connecticut
638aef58f6c30ba48bdb3696,USA,njoseland9j@mac.com,G5509138,2842240159,Vermont
638aef58f6c30ba48bdb3697,USA,kasken9k@examiner.com,G5573746,1244261833,Alaska
638aef58f6c30ba48bdb3698,USA,btythe9l@parallels.com,G5577566,6133194673,Wisconsin
638aef58f6c30ba48bdb3699,USA,bmcnay9m@jiathis.com,G5511685,5730568125,West Virginia
638aef58f6c30ba48bdb369a,USA,acampbelldunlop9n@upenn.edu,G5567696,4130435780,Massachusetts
638aef58f6c30ba48bdb369b,USA,hpaternoster9o@ning.com,G5504944,2332868413,Maine
638aef58f6c30ba48bdb369c,USA,bgreader9p@google.fr,G5586892,3108857246,West Virginia
638aef58f6c30ba48bdb369d,USA,jblamire9q@gravatar.com,G5535945,4143497095,Georgia
638aef58f6c30ba48bdb369e,USA,cwais9r@liveinternet.ru,G5510874,9953062224,Idaho
638aef58f6c30ba48bdb369f,USA,amcindrew9s@nbcnews.com,G5572791,4567688745,Maine
638aef58f6c30ba48bdb36a0,USA,settritch9t@discuz.net,G5574101,5186980886,North Carolina
638aef58f6c30ba48bdb36a1,USA,mrefford9u@fema.gov,G5583381,9016416956,Rhode Island
638aef58f6c30ba48bdb36a2,USA,eelgram9v@over-blog.com,G5532392,6999285052,Illinois
638aef58f6c30ba48bdb36a3,USA,atomaskunas9w@liveinternet.ru,G5557052,7787540118,South Carolina
638aef58f6c30ba48bdb36a4,USA,lkippling9x@pbs.org,G5589077,8188770986,Idaho
638aef58f6c30ba48bdb36a5,USA,fsangar9y@histats.com,G5508555,2461207513,North Dakota
638aef58f6c30ba48bdb36a6,USA,rstreetley9z@baidu.com,G5538512,3076402089,Vermont
638aef58f6c30ba48bdb36a7,USA,mdionisettia0@engadget.com,G5562383,7417563043,Washington
638aef58f6c30ba48bdb36a8,USA,hdoldona1@dot.gov,G5566634,3479254309,North Dakota
638aef58f6c30ba48bdb36a9,USA,lfancutta2@simplemachines.org,G5503408,2065181993,Nevada
638aef58f6c30ba48bdb36aa,USA,ggillioa3@linkedin.com,G5585139,9629183124,Montana
638aef58f6c30ba48bdb36ab,USA,ptredgeta4@1und1.de,G5531844,9692716447,Illinois
638aef58f6c30ba48bdb36ac,USA,jkinvana5@unicef.org,G5546572,4323228095,California
638aef58f6c30ba48bdb36ad,USA,thiscoea6@tuttocitta.it,G5536391,6625728511,Minnesota
638aef58f6c30ba48bdb36ae,USA,imorta7@ox.ac.uk,G5566785,5051631109,Alaska
638aef58f6c30ba48bdb36af,USA,lkaesa8@census.gov,G5566208,7549067548,California
638aef58f6c30ba48bdb36b0,USA,rpryora9@columbia.edu,G5569139,9804631020,Missouri
638aef58f6c30ba48bdb36b1,USA,ccoggellaa@printfriendly.com,G5587177,8924270172,South Dakota
638aef58f6c30ba48bdb36b2,USA,flippittab@foxnews.com,G5567960,5368438942,Ohio
638aef58f6c30ba48bdb36b3,USA,cdumiganac@slideshare.net,G5528890,7153828017,Hawaii
638aef58f6c30ba48bdb36b4,USA,ynutbrownad@dion.ne.jp,G5598571,6617500763,North Carolina
638aef58f6c30ba48bdb36b5,USA,aoruaneae@comsenz.com,G5533609,9221009659,Oregon
638aef58f6c30ba48bdb36b6,USA,kbyfieldaf@aboutads.info,G5592127,0740705157,Hawaii
638aef58f6c30ba48bdb36b7,USA,shamsherag@dyndns.org,G5536744,3997080824,California
638aef58f6c30ba48bdb36b8,USA,cisgarah@w3.org,G5552379,7545958901,Kansas
638aef58f6c30ba48bdb36b9,USA,gceyssenai@hud.gov,G5529944,8366049498,Washington
638aef58f6c30ba48bdb36ba,USA,wrealaj@psu.edu,G5573988,4522526299,Washington
638aef58f6c30ba48bdb36bb,USA,lbrechinak@friendfeed.com,G5561917,9456926436,Indiana
638aef58f6c30ba48bdb36bc,USA,vgoodliffal@indiegogo.com,G5590416,6017302492,Oregon
638aef58f6c30ba48bdb36bd,USA,vmoncreifam@bloomberg.com,G5578299,7338816875,Rhode Island
638aef58f6c30ba48bdb36be,USA,bsorsbyan@theglobeandmail.com,G5512281,2152259355,Vermont
638aef58f6c30ba48bdb36bf,USA,jwhenhamao@auda.org.au,G5513956,0709864830,Wyoming
638aef58f6c30ba48bdb36c0,USA,tmcclancyap@biglobe.ne.jp,G5588858,1617937905,Indiana
638aef58f6c30ba48bdb36c1,USA,tpetrenaq@nydailynews.com,G5571244,8687443542,Mississippi
638aef58f6c30ba48bdb36c2,USA,mcroshamar@ucoz.com,G5568850,2861396691,Pennsylvania
638aef58f6c30ba48bdb36c3,USA,measterfieldas@vinaora.com,G5502062,6986012686,North Dakota
638aef58f6c30ba48bdb36c4,USA,hsibbornat@myspace.com,G5581846,6891914382,Washington
638aef58f6c30ba48bdb36c5,USA,asergeantau@mail.ru,G5594343,2738508168,Wisconsin
638aef58f6c30ba48bdb36c6,USA,amackernessav@state.gov,G5566681,2078801859,Georgia
638aef58f6c30ba48bdb36c7,USA,tlippettaw@prweb.com,G5519535,9748490617,Arizona
638aef58f6c30ba48bdb36c8,USA,yfairnieax@amazon.co.uk,G5574474,6748125725,Kentucky
638aef58f6c30ba48bdb36c9,USA,bhamletay@cam.ac.uk,G5524146,4391771592,Indiana
638aef58f6c30ba48bdb36ca,USA,rdumbreckaz@huffingtonpost.com,G5515498,3310166474,Illinois
638aef58f6c30ba48bdb36cb,USA,fdenziloeb0@shutterfly.com,G5585815,0068520308,Montana
638aef58f6c30ba48bdb36cc,USA,eellettb1@theguardian.com,G5540611,0860346821,Texas
638aef58f6c30ba48bdb36cd,USA,bschruurb2@europa.eu,G5531918,5071275286,Illinois
638aef58f6c30ba48bdb36ce,USA,hhancockb3@nasa.gov,G5503954,5756205175,Wyoming
638aef58f6c30ba48bdb36cf,USA,kpodburyb4@wikia.com,G5510962,3865590357,New Jersey
638aef58f6c30ba48bdb36d0,USA,ablakistonb5@phoca.cz,G5540155,4843680196,Maryland
638aef58f6c30ba48bdb36d1,USA,cdurtnallb6@dailymail.co.uk,G5574506,2123793851,Alaska
638aef58f6c30ba48bdb36d2,USA,nbertheb7@earthlink.net,G5519765,8338862383,Hawaii
638aef58f6c30ba48bdb36d3,USA,pannakinb8@com.com,G5521511,0620227362,North Dakota
638aef58f6c30ba48bdb36d4,USA,nunionb9@comsenz.com,G5516580,7296012371,Nebraska
638aef58f6c30ba48bdb36d5,USA,bkeysonba@un.org,G5573813,0650714309,Virginia
638aef58f6c30ba48bdb36d6,USA,kpatrisksonbb@jalbum.net,G5540965,5761448803,Virginia
638aef58f6c30ba48bdb36d7,USA,cfilipponibc@nydailynews.com,G5500047,4376942461,Washington
638aef58f6c30ba48bdb36d8,USA,cmatissoffbd@hatena.ne.jp,G5557807,7290326617,Michigan
638aef58f6c30ba48bdb36d9,USA,sdonohuebe@deviantart.com,G5525390,2925554677,Rhode Island
638aef58f6c30ba48bdb36da,USA,sjewisebf@economist.com,G5563413,9342614927,Maryland
638aef58f6c30ba48bdb36db,USA,schooterbg@oaic.gov.au,G5524601,9598056231,Rhode Island
638aef58f6c30ba48bdb36dc,USA,lbeyerbh@elegantthemes.com,G5559769,4095360625,Montana
638aef58f6c30ba48bdb36dd,USA,amateikobi@pcworld.com,G5577964,3220745790,South Carolina
638aef58f6c30ba48bdb36de,USA,bdorricottbj@theatlantic.com,G5526976,5267010520,Vermont
638aef58f6c30ba48bdb36df,USA,ibumbybk@fc2.com,G5556374,3618013309,Arkansas
638aef58f6c30ba48bdb36e0,USA,csupplebl@amazon.co.uk,G5545759,4303947364,Alaska
638aef58f6c30ba48bdb36e1,USA,dcrankbm@yale.edu,G5511525,1834159952,Washington
638aef58f6c30ba48bdb36e2,USA,cmusterdbn@yellowbook.com,G5508961,6000509233,Delaware
638aef58f6c30ba48bdb36e3,USA,tspoltonbo@google.fr,G5575359,2098995637,Idaho
638aef58f6c30ba48bdb36e4,USA,idaintonbp@buzzfeed.com,G5574739,8831826409,Texas
638aef58f6c30ba48bdb36e5,USA,mmartynsbq@simplemachines.org,G5529775,3440198331,Idaho
638aef58f6c30ba48bdb36e6,USA,sgallyonbr@cdbaby.com,G5531663,3402491343,Washington
638aef58f6c30ba48bdb36e7,USA,lsomerfieldbs@cocolog-nifty.com,G5503897,3238735326,Tennessee
638aef58f6c30ba48bdb36e8,USA,eciepluchbt@miibeian.gov.cn,G5509059,7811579344,Oklahoma
638aef58f6c30ba48bdb36e9,USA,ecalfbu@paginegialle.it,G5550330,9874993701,Nebraska
638aef58f6c30ba48bdb36ea,USA,nawtonbv@flickr.com,G5503214,9415553729,Ohio
638aef58f6c30ba48bdb36eb,USA,ffergusonbw@wp.com,G5527524,7762593294,Tennessee
638aef58f6c30ba48bdb36ec,USA,tthompsonbx@unesco.org,G5596876,9953034725,Louisiana
638aef58f6c30ba48bdb36ed,USA,rcharringtonby@businesswire.com,G5591475,1066451342,Arkansas
638aef58f6c30ba48bdb36ee,USA,hreaganbz@home.pl,G5528246,0402324616,Alaska
638aef58f6c30ba48bdb36ef,USA,dstainlandc0@hp.com,G5581558,4161342107,South Dakota
638aef58f6c30ba48bdb36f0,USA,timisonc1@reuters.com,G5591143,8271339874,Washington
638aef58f6c30ba48bdb36f1,USA,afineyc2@umich.edu,G5500997,8058831903,Wyoming
638aef58f6c30ba48bdb36f2,USA,veschec3@netscape.com,G5583447,8763443613,Virginia
638aef58f6c30ba48bdb36f3,USA,sassiterc4@webs.com,G5561298,4579490932,Minnesota
638aef58f6c30ba48bdb36f4,USA,lmartinsc5@g.co,G5578749,9995245642,Delaware
638aef58f6c30ba48bdb36f5,USA,bganec6@hostgator.com,G5585187,0509058419,Washington
638aef58f6c30ba48bdb36f6,USA,lreedickc7@artisteer.com,G5546359,6615410932,Ohio
638aef58f6c30ba48bdb36f7,USA,fstoacleyc8@jiathis.com,G5577319,3058403347,New Jersey
638aef58f6c30ba48bdb36f8,USA,hbenechc9@stumbleupon.com,G5569085,8766490231,West Virginia
638aef58f6c30ba48bdb36f9,USA,kjenteauca@discovery.com,G5515649,4099902070,Utah
638aef58f6c30ba48bdb36fa,USA,bboatecb@skyrock.com,G5582499,9098094401,Arkansas
638aef58f6c30ba48bdb36fb,USA,rberstoncc@scribd.com,G5549933,5283044430,Mississippi
638aef58f6c30ba48bdb36fc,USA,jlightbodycd@nbcnews.com,G5538738,5896372934,Maryland
638aef58f6c30ba48bdb36fd,USA,rgrentce@surveymonkey.com,G5518845,7776266850,Indiana
638aef58f6c30ba48bdb36fe,USA,sspiercf@webmd.com,G5530520,1940203068,Wyoming
638aef58f6c30ba48bdb36ff,USA,gseeviourcg@seattletimes.com,G5558005,4377131305,Nebraska
638aef58f6c30ba48bdb3700,USA,kbartlemanch@theglobeandmail.com,G5524808,6445392485,California
638aef58f6c30ba48bdb3701,USA,clindstromci@deliciousdays.com,G5594640,7395932022,New York
638aef58f6c30ba48bdb3702,USA,hdurramcj@rambler.ru,G5555862,6959694699,Minnesota
638aef58f6c30ba48bdb3703,USA,skusickck@wikimedia.org,G5500966,9035056085,Kentucky
638aef58f6c30ba48bdb3704,USA,dagnolocl@jugem.jp,G5503762,8430617819,Pennsylvania
638aef58f6c30ba48bdb3705,USA,mgeorghioucm@elegantthemes.com,G5507750,6984451960,Maine
638aef58f6c30ba48bdb3706,USA,hmacgibboncn@sakura.ne.jp,G5591233,1192896930,Vermont
638aef58f6c30ba48bdb3707,USA,jlukesco@cnbc.com,G5565470,2729832031,Maine
638aef58f6c30ba48bdb3708,USA,mreuthercp@usatoday.com,G5581004,2994799911,Virginia
638aef58f6c30ba48bdb3709,USA,lcrickmercq@sfgate.com,G5548170,2364787783,Oklahoma
638aef58f6c30ba48bdb370a,USA,sismailcr@unesco.org,G5531791,7014340857,Washington
638aef58f6c30ba48bdb370b,USA,hbarizeretcs@reddit.com,G5566771,8319104677,New York
638aef58f6c30ba48bdb370c,USA,pladonct@tamu.edu,G5507552,6866112201,New Mexico
638aef58f6c30ba48bdb370d,USA,jkeilingcu@exblog.jp,G5538674,7168387016,Nebraska
638aef58f6c30ba48bdb370e,USA,cernkecv@nature.com,G5597229,8289023768,Virginia
638aef58f6c30ba48bdb370f,USA,dmapstonecw@plala.or.jp,G5552402,0322107288,Delaware
638aef58f6c30ba48bdb3710,USA,mfarndalecx@java.com,G5594585,5352833254,Nebraska
638aef58f6c30ba48bdb3711,USA,dcordeaucy@discovery.com,G5552753,6483964786,Vermont
638aef58f6c30ba48bdb3712,USA,hserrailliercz@ucoz.ru,G5535700,8261536275,California
638aef58f6c30ba48bdb3713,USA,gpennd0@techcrunch.com,G5520856,1639355073,Ohio
638aef58f6c30ba48bdb3714,USA,mbarried1@1688.com,G5548926,2637184168,Louisiana
638aef58f6c30ba48bdb3715,USA,cpharrod2@furl.net,G5502019,6007097863,Kentucky
638aef58f6c30ba48bdb3716,USA,dspehrd3@gmpg.org,G5584102,3765692251,Florida
638aef58f6c30ba48bdb3717,USA,lsandfordd4@tiny.cc,G5587791,8671178516,Alaska
638aef58f6c30ba48bdb3718,USA,cgoodayled5@ucoz.com,G5566692,5394171992,Wyoming
638aef58f6c30ba48bdb3719,USA,ckebbelld6@instagram.com,G5518816,5827618529,Utah
638aef58f6c30ba48bdb371a,USA,kgrasserd7@yellowpages.com,G5559608,9001264259,South Dakota
638aef58f6c30ba48bdb371b,USA,cnultyd8@t.co,G5528416,9172365992,Oregon
638aef58f6c30ba48bdb371c,USA,xkirkamd9@mtv.com,G5554317,1517174277,Oregon
638aef58f6c30ba48bdb371d,USA,pmartschikda@princeton.edu,G5590532,4507710774,Nevada
638aef58f6c30ba48bdb371e,USA,aberrowdb@parallels.com,G5526199,3969111755,New Jersey
638aef58f6c30ba48bdb371f,USA,iprobbingsdc@unicef.org,G5512140,2509788885,Iowa
638aef58f6c30ba48bdb3720,USA,ccasondd@zimbio.com,G5519656,1563020125,Hawaii
638aef58f6c30ba48bdb3721,USA,tbailliede@latimes.com,G5590119,8076918346,Delaware
638aef58f6c30ba48bdb3722,USA,gottosendf@amazon.co.uk,G5560827,6433377298,Montana
638aef58f6c30ba48bdb3723,USA,agisckendg@google.cn,G5536211,0380168672,Vermont
638aef58f6c30ba48bdb3724,USA,mkaliszewskidh@ovh.net,G5521787,9811225769,Ohio
638aef58f6c30ba48bdb3725,USA,astruysdi@bluehost.com,G5582446,8021965149,Delaware
638aef58f6c30ba48bdb3726,USA,omartynsdj@census.gov,G5576402,1356274798,New Mexico
638aef58f6c30ba48bdb3727,USA,agilsthorpedk@bloomberg.com,G5528259,7940627673,Illinois
638aef58f6c30ba48bdb3728,USA,bsinclairedl@ustream.tv,G5585796,6211679455,Mississippi
638aef58f6c30ba48bdb3729,USA,bgeavenydm@geocities.com,G5553363,2924872278,West Virginia
638aef58f6c30ba48bdb372a,USA,tfoxalldn@imgur.com,G5559200,3344041119,South Carolina
638aef58f6c30ba48bdb372b,USA,mmcgoochdo@aboutads.info,G5574470,0405486099,Wisconsin
638aef58f6c30ba48bdb372c,USA,chaquindp@ted.com,G5579604,9853498586,Alabama
638aef58f6c30ba48bdb372d,USA,cdorgondq@earthlink.net,G5551555,4505736009,New Hampshire
638aef58f6c30ba48bdb372e,USA,kstonelakedr@angelfire.com,G5587067,5028965971,Ohio
638aef58f6c30ba48bdb372f,USA,rnanads@gnu.org,G5511995,6765707550,New York
638aef58f6c30ba48bdb3730,USA,bjeynessdt@upenn.edu,G5577151,6833426682,Iowa
638aef58f6c30ba48bdb3731,USA,ugoldthorpedu@google.com,G5526617,4633310077,Montana
638aef58f6c30ba48bdb3732,USA,fmorisondv@ovh.net,G5544612,5552170027,North Carolina
638aef58f6c30ba48bdb3733,USA,lgerrettdw@shutterfly.com,G5556193,7329730988,Utah
638aef58f6c30ba48bdb3734,USA,egooddiedx@google.de,G5502574,6506608917,Alaska
638aef58f6c30ba48bdb3735,USA,ngawendy@twitpic.com,G5571347,0070122294,South Carolina
638aef58f6c30ba48bdb3736,USA,schaudhrydz@narod.ru,G5533893,9328549991,Montana
638aef58f6c30ba48bdb3737,USA,omcphelimye0@narod.ru,G5517674,7568593432,Arizona
638aef58f6c30ba48bdb3738,USA,llawse1@va.gov,G5581828,9082098485,Georgia
638aef58f6c30ba48bdb3739,USA,jposkitte2@tamu.edu,G5564512,4447619191,Oklahoma
638aef58f6c30ba48bdb373a,USA,bdanilenkoe3@java.com,G5587287,3808374588,Delaware
638aef58f6c30ba48bdb373b,USA,cvearse4@washingtonpost.com,G5541305,0048269749,Alabama
638aef58f6c30ba48bdb373c,USA,mgabbetise5@sourceforge.net,G5520586,6792306695,Vermont
638aef58f6c30ba48bdb373d,USA,tmargetsone6@discovery.com,G5557974,2073684245,Oklahoma
638aef58f6c30ba48bdb373e,USA,karbone7@time.com,G5580467,3825845225,Alabama
638aef58f6c30ba48bdb373f,USA,msalmonie8@qq.com,G5595914,7536102890,Montana
638aef58f6c30ba48bdb3740,USA,mschruurse9@sfgate.com,G5564608,9190241624,Delaware
638aef58f6c30ba48bdb3741,USA,mmattisssenea@friendfeed.com,G5536407,6848658230,North Carolina
638aef58f6c30ba48bdb3742,USA,edagoneb@fastcompany.com,G5543943,9472709623,Rhode Island
638aef58f6c30ba48bdb3743,USA,ddumiganec@businessweek.com,G5590436,4025216789,Indiana
638aef58f6c30ba48bdb3744,USA,ecaseed@cargocollective.com,G5510125,1656050260,Oregon
638aef58f6c30ba48bdb3745,USA,lwrightonee@fda.gov,G5526154,9460564595,North Carolina
638aef58f6c30ba48bdb3746,USA,smatthissonef@google.de,G5510515,8713206842,Maryland
638aef58f6c30ba48bdb3747,USA,astquintineg@slashdot.org,G5506666,2518797627,Louisiana
638aef58f6c30ba48bdb3748,USA,khowfordeh@imageshack.us,G5527432,0487331157,Connecticut
638aef58f6c30ba48bdb3749,USA,zdargieei@oaic.gov.au,G5529784,4020673587,Montana
638aef58f6c30ba48bdb374a,USA,lgrinvalej@comsenz.com,G5567693,9876343265,Utah
638aef58f6c30ba48bdb374b,USA,dharesek@hhs.gov,G5510111,3298622360,South Carolina
638aef58f6c30ba48bdb374c,USA,mwimbushel@hao123.com,G5577963,2493871367,Montana
638aef58f6c30ba48bdb374d,USA,rpeapleem@chicagotribune.com,G5528145,2663237005,Massachusetts
638aef58f6c30ba48bdb374e,USA,ivequauden@webnode.com,G5511371,7575835689,Hawaii
638aef58f6c30ba48bdb374f,USA,qpietronieo@free.fr,G5537531,4994934405,Illinois
638aef58f6c30ba48bdb3750,USA,lsiggeryep@va.gov,G5576408,8622204261,South Carolina
638aef58f6c30ba48bdb3751,USA,gcamiseq@ifeng.com,G5517294,9683746139,Iowa
638aef58f6c30ba48bdb3752,USA,eredleyer@last.fm,G5519898,1981306184,Rhode Island
638aef58f6c30ba48bdb3753,USA,loccleshawes@imdb.com,G5508687,5444139052,New Mexico
638aef58f6c30ba48bdb3754,USA,tagneyet@free.fr,G5566384,0224302267,Washington
638aef58f6c30ba48bdb3755,USA,sreadingseu@github.com,G5558633,1458279874,Tennessee
638aef58f6c30ba48bdb3756,USA,mdefriesev@princeton.edu,G5505161,2548636938,West Virginia
638aef58f6c30ba48bdb3757,USA,csammutew@facebook.com,G5510046,0834510039,Mississippi
638aef58f6c30ba48bdb3758,USA,cpadsonex@geocities.com,G5558173,4017626416,Delaware
638aef58f6c30ba48bdb3759,USA,jhawkwoodey@mail.ru,G5551852,8659162707,Minnesota
638aef58f6c30ba48bdb375a,USA,ldigiorgioez@reverbnation.com,G5501563,3950525960,Tennessee
638aef58f6c30ba48bdb375b,USA,fbharf0@joomla.org,G5586475,5924922302,Georgia
638aef58f6c30ba48bdb375c,USA,mibbsf1@imgur.com,G5583404,7270210818,Utah
638aef58f6c30ba48bdb375d,USA,jashmanf2@zdnet.com,G5525883,1318087383,California
638aef58f6c30ba48bdb375e,USA,ncadef3@imageshack.us,G5566501,5730835846,Rhode Island
638aef58f6c30ba48bdb375f,USA,jdarracottf4@zimbio.com,G5587931,7695747734,Virginia
638aef58f6c30ba48bdb3760,USA,ppavlenkof5@nytimes.com,G5516491,2961232891,Wisconsin
638aef58f6c30ba48bdb3761,USA,ekimbleyf6@chron.com,G5588625,5029783256,Connecticut
638aef58f6c30ba48bdb3762,USA,mmullochf7@tuttocitta.it,G5501912,6634840542,Alaska
638aef58f6c30ba48bdb3763,USA,epennycordf8@prnewswire.com,G5597195,7663461062,Montana
638aef58f6c30ba48bdb3764,USA,pkemmishf9@state.tx.us,G5545015,8113469505,Alabama
638aef58f6c30ba48bdb3765,USA,rettyfa@smh.com.au,G5532892,1094662515,Delaware
638aef58f6c30ba48bdb3766,USA,dhulettfb@walmart.com,G5541539,9707119448,Indiana
638aef58f6c30ba48bdb3767,USA,telcockfc@list-manage.com,G5564363,3693961512,Texas
638aef58f6c30ba48bdb3768,USA,awincefd@surveymonkey.com,G5513545,7576640699,Arkansas
638aef58f6c30ba48bdb3769,USA,lgergherfe@reuters.com,G5556589,8678226571,California
638aef58f6c30ba48bdb376a,USA,rsommerff@e-recht24.de,G5527775,1318213802,Massachusetts
638aef58f6c30ba48bdb376b,USA,ayusupovfg@cdbaby.com,G5582832,8482662140,Maine
638aef58f6c30ba48bdb376c,USA,bcesconifh@dedecms.com,G5510370,7467425154,Arizona
638aef58f6c30ba48bdb376d,USA,emcclochfi@discuz.net,G5507119,7136407943,Arizona
638aef58f6c30ba48bdb376e,USA,llangfittfj@canalblog.com,G5568047,6775927442,Mississippi
638aef58f6c30ba48bdb376f,USA,fparrotfk@linkedin.com,G5541705,0270097529,Wisconsin
638aef58f6c30ba48bdb3770,USA,clawsfl@constantcontact.com,G5561536,7606407181,Colorado
638aef58f6c30ba48bdb3771,USA,jjunefm@mail.ru,G5543105,6606275406,North Dakota
638aef58f6c30ba48bdb3772,USA,zsketcherfn@hud.gov,G5504999,0310470787,Tennessee
638aef58f6c30ba48bdb3773,USA,gantonioufo@omniture.com,G5559119,7583559217,Wisconsin
638aef58f6c30ba48bdb3774,USA,gbucknallfp@icio.us,G5522922,2623877729,Rhode Island
638aef58f6c30ba48bdb3775,USA,cnewallfq@1und1.de,G5542351,4317782987,Missouri
638aef58f6c30ba48bdb3776,USA,rperllmanfr@wp.com,G5527238,3201322085,Massachusetts
638aef58f6c30ba48bdb3777,USA,vtabrettfs@stumbleupon.com,G5546289,1452664450,Delaware
638aef58f6c30ba48bdb3778,USA,enellesft@people.com.cn,G5527336,3805973140,South Carolina
638aef58f6c30ba48bdb3779,USA,ybreazeallfu@facebook.com,G5596090,5775212454,Wyoming
638aef58f6c30ba48bdb377a,USA,bbernatfv@t.co,G5550190,3559667807,North Carolina
638aef58f6c30ba48bdb377b,USA,tprobynfw@theatlantic.com,G5578459,9606927264,Nevada
638aef58f6c30ba48bdb377c,USA,zmateuszczykfx@cnet.com,G5596310,3474387303,South Carolina
638aef58f6c30ba48bdb377d,USA,edemangelfy@webs.com,G5505902,4914524641,Massachusetts
638aef58f6c30ba48bdb377e,USA,pmatsellfz@list-manage.com,G5569227,5648597654,South Carolina
638aef58f6c30ba48bdb377f,USA,adevonaldg0@cafepress.com,G5551018,7079163428,North Carolina
638aef58f6c30ba48bdb3780,USA,kfarng1@army.mil,G5594073,5109851862,North Carolina
638aef58f6c30ba48bdb3781,USA,erosenthalerg2@umich.edu,G5507685,8222152211,Florida
638aef58f6c30ba48bdb3782,USA,ocostig3@independent.co.uk,G5543315,4952811816,Massachusetts
638aef58f6c30ba48bdb3783,USA,rbastableg4@opera.com,G5508402,3244787222,Kentucky
638aef58f6c30ba48bdb3784,USA,mknowldeng5@ftc.gov,G5556052,8708420246,Nevada
638aef58f6c30ba48bdb3785,USA,pfianderg6@senate.gov,G5563120,7128221316,Alaska
638aef58f6c30ba48bdb3786,USA,dfredag7@google.es,G5529336,5890809840,Michigan
638aef58f6c30ba48bdb3787,USA,tditzelg8@youtube.com,G5551184,1395768176,Alaska
638aef58f6c30ba48bdb3788,USA,ssurmanwellsg9@deliciousdays.com,G5582507,2878270381,Arkansas
638aef58f6c30ba48bdb3789,USA,apitsallga@mac.com,G5525549,9979094190,Minnesota
638aef58f6c30ba48bdb378a,USA,kmongetgb@zdnet.com,G5563772,1337969694,Idaho
638aef58f6c30ba48bdb378b,USA,pferandezgc@scribd.com,G5556360,3428594952,Minnesota
638aef58f6c30ba48bdb378c,USA,tmercikgd@hao123.com,G5558794,5740393216,Utah
638aef58f6c30ba48bdb378d,USA,hmckinnonge@who.int,G5590126,7733582756,Alabama
638aef58f6c30ba48bdb378e,USA,cmoliangf@nyu.edu,G5506815,6783711862,Illinois
638aef58f6c30ba48bdb378f,USA,kcheverellgg@boston.com,G5580656,5256059633,Hawaii
638aef58f6c30ba48bdb3790,USA,hmorigangh@arstechnica.com,G5586331,7668025774,Texas
638aef58f6c30ba48bdb3791,USA,emacekgi@google.com.au,G5539132,6034797361,Mississippi
638aef58f6c30ba48bdb3792,USA,laskiegj@myspace.com,G5517888,5111827382,Hawaii
638aef58f6c30ba48bdb3793,USA,ghansanagk@cmu.edu,G5515613,5873881939,Oregon
638aef58f6c30ba48bdb3794,USA,hwatlinggl@infoseek.co.jp,G5518240,5851207967,Florida
638aef58f6c30ba48bdb3795,USA,tstoppergm@cisco.com,G5539621,5663859037,Oregon
638aef58f6c30ba48bdb3796,USA,fkimmerlinggn@webnode.com,G5594653,7744545519,North Dakota
638aef58f6c30ba48bdb3797,USA,tlyndongo@prweb.com,G5556736,5440840299,New Hampshire
638aef58f6c30ba48bdb3798,USA,msmittengp@usda.gov,G5526675,9415877408,Oklahoma
638aef58f6c30ba48bdb3799,USA,hmichegq@liveinternet.ru,G5504154,5425123062,Utah
638aef58f6c30ba48bdb379a,USA,nellphgr@amazon.co.jp,G5500390,6176033650,Idaho
638aef58f6c30ba48bdb379b,USA,pseargs@gov.uk,G5501750,2595019334,Kansas
638aef58f6c30ba48bdb379c,USA,mdelonggt@unicef.org,G5518961,6788810164,Oklahoma
638aef58f6c30ba48bdb379d,USA,lfishlygu@google.de,G5528505,0265426199,Pennsylvania
638aef58f6c30ba48bdb379e,USA,welcomgv@yellowpages.com,G5559453,1545910806,Nebraska
638aef58f6c30ba48bdb379f,USA,lhowardgw@usnews.com,G5566026,9754058867,Mississippi
638aef58f6c30ba48bdb37a0,USA,ttiddygx@skyrock.com,G5547382,8290362484,West Virginia
638aef58f6c30ba48bdb37a1,USA,fmatthewsgy@flickr.com,G5509158,9951687404,Utah
638aef58f6c30ba48bdb37a2,USA,mmcsporongz@usa.gov,G5565745,4180780569,Georgia
638aef58f6c30ba48bdb37a3,USA,aacklandh0@etsy.com,G5592159,6395418259,Tennessee
638aef58f6c30ba48bdb37a4,USA,hbegbieh1@washington.edu,G5533454,7888374387,Missouri
638aef58f6c30ba48bdb37a5,USA,fcovellh2@delicious.com,G5514222,9922159353,Texas
638aef58f6c30ba48bdb37a6,USA,rharstonh3@wikimedia.org,G5568861,3578932766,Michigan
638aef58f6c30ba48bdb37a7,USA,vlevershah4@mac.com,G5544546,2424491083,Michigan
638aef58f6c30ba48bdb37a8,USA,gvillaronh5@dagondesign.com,G5503314,8123373101,Kansas
638aef58f6c30ba48bdb37a9,USA,klittlekith6@engadget.com,G5592688,2397398920,New Hampshire
638aef58f6c30ba48bdb37aa,USA,pharsenth7@ameblo.jp,G5510988,4447628894,Florida
638aef58f6c30ba48bdb37ab,USA,lshippardh8@typepad.com,G5511137,0154351686,Illinois
638aef58f6c30ba48bdb37ac,USA,nlynash9@opensource.org,G5546906,9113597976,Maine
638aef58f6c30ba48bdb37ad,USA,jmuzzolloha@indiatimes.com,G5576013,0956553633,Alabama
638aef58f6c30ba48bdb37ae,USA,rmccorriehb@ihg.com,G5573662,4541908337,Kansas
638aef58f6c30ba48bdb37af,USA,fmcaughtryhc@discovery.com,G5534481,4355542721,Maryland
638aef58f6c30ba48bdb37b0,USA,erubyhd@purevolume.com,G5510214,8875014018,California
638aef58f6c30ba48bdb37b1,USA,sbortolonihe@cargocollective.com,G5532529,4587781285,Oklahoma
638aef58f6c30ba48bdb37b2,USA,ddowmanhf@1und1.de,G5531423,1666257729,Idaho
638aef58f6c30ba48bdb37b3,USA,cdanishg@state.tx.us,G5563369,2790667572,Idaho
638aef58f6c30ba48bdb37b4,USA,acolquhounhh@nature.com,G5597887,7380306031,Pennsylvania
638aef58f6c30ba48bdb37b5,USA,ttilliardshi@github.io,G5551467,7992897044,Tennessee
638aef58f6c30ba48bdb37b6,USA,wdraijerhj@dedecms.com,G5557767,6674295933,Arkansas
638aef58f6c30ba48bdb37b7,USA,ababbshk@xing.com,G5563669,7364360826,Texas
638aef58f6c30ba48bdb37b8,USA,dbompashl@bing.com,G5518775,3138411601,Florida
638aef58f6c30ba48bdb37b9,USA,skeneleysidehm@cdbaby.com,G5535683,6950178668,Maryland
638aef58f6c30ba48bdb37ba,USA,dmatuszynskihn@gizmodo.com,G5597276,5029042351,New Hampshire
638aef58f6c30ba48bdb37bb,USA,tmangonho@ft.com,G5533306,7101563882,Rhode Island
638aef58f6c30ba48bdb37bc,USA,ptreweekhp@skype.com,G5508071,2628750887,Texas
638aef58f6c30ba48bdb37bd,USA,asouthbyhq@livejournal.com,G5512300,2212512660,Idaho
638aef58f6c30ba48bdb37be,USA,tstollwerckhr@techcrunch.com,G5590513,9727119752,Wyoming
638aef58f6c30ba48bdb37bf,USA,klamperdhs@imgur.com,G5534573,7343212927,South Dakota
638aef58f6c30ba48bdb37c0,USA,jizacht@vinaora.com,G5575466,3588083569,North Carolina
638aef58f6c30ba48bdb37c1,USA,mlebretonhu@indiatimes.com,G5517574,3497170979,Illinois
638aef58f6c30ba48bdb37c2,USA,bdockrillhv@columbia.edu,G5530952,0309236957,Louisiana
638aef58f6c30ba48bdb37c3,USA,ckleinmannhw@ow.ly,G5575891,2882147222,Colorado
638aef58f6c30ba48bdb37c4,USA,jmullordhx@google.ru,G5598780,8424839873,Ohio
638aef58f6c30ba48bdb37c5,USA,fbolerhy@archive.org,G5505774,3111593070,Texas
638aef58f6c30ba48bdb37c6,USA,mwalehz@csmonitor.com,G5585130,5301852034,New Hampshire
638aef58f6c30ba48bdb37c7,USA,dartindalei0@businessinsider.com,G5505930,5241754952,Nebraska
638aef58f6c30ba48bdb37c8,USA,bduffiti1@stanford.edu,G5565665,5583175742,Nebraska
638aef58f6c30ba48bdb37c9,USA,ffrainei2@twitpic.com,G5519920,6961942008,Alaska
638aef58f6c30ba48bdb37ca,USA,ggotmanni3@tripadvisor.com,G5550593,1359333861,Arkansas
638aef58f6c30ba48bdb37cb,USA,cmarchami4@samsung.com,G5504263,9802316442,Idaho
638aef58f6c30ba48bdb37cc,USA,gblesdilli5@psu.edu,G5542716,3524435373,Minnesota
638aef58f6c30ba48bdb37cd,USA,hfinniei6@yelp.com,G5561780,5686078798,Nebraska
638aef58f6c30ba48bdb37ce,USA,klivicki7@discovery.com,G5514488,6581289820,California
638aef58f6c30ba48bdb37cf,USA,bmaudei8@apple.com,G5553793,9491627203,Michigan
638aef58f6c30ba48bdb37d0,USA,aspurmani9@xing.com,G5541120,8079672472,South Carolina
638aef58f6c30ba48bdb37d1,USA,vgariffia@amazon.co.uk,G5549620,3548864600,South Carolina
638aef58f6c30ba48bdb37d2,USA,tfidoib@youtu.be,G5585449,0076981574,Oregon
638aef58f6c30ba48bdb37d3,USA,acritchardic@forbes.com,G5529953,0683693720,Hawaii
638aef58f6c30ba48bdb37d4,USA,mtrainorid@gov.uk,G5523282,8307036797,South Carolina
638aef58f6c30ba48bdb37d5,USA,scraigsie@dmoz.org,G5550978,9863765094,Iowa
638aef58f6c30ba48bdb37d6,USA,slorkingsif@miitbeian.gov.cn,G5586298,2943994468,Delaware
638aef58f6c30ba48bdb37d7,USA,iholwellig@umn.edu,G5583482,6536589790,Delaware
638aef58f6c30ba48bdb37d8,USA,zwohlersih@youtu.be,G5520280,2091552195,Georgia
638aef58f6c30ba48bdb37d9,USA,jcarltonii@csmonitor.com,G5540399,4360214987,Nevada
638aef58f6c30ba48bdb37da,USA,dcawkerij@opera.com,G5512686,1407286201,Indiana
638aef58f6c30ba48bdb37db,USA,ssearchfieldik@cbslocal.com,G5570717,9493511450,Connecticut
638aef58f6c30ba48bdb37dc,USA,lwybrowil@oaic.gov.au,G5586779,6878959674,New Mexico
638aef58f6c30ba48bdb37dd,USA,rmccroftim@mapy.cz,G5595967,2124309644,Florida
638aef58f6c30ba48bdb37de,USA,sthickensin@creativecommons.org,G5514802,1554483086,New Hampshire
638aef58f6c30ba48bdb37df,USA,eleeleio@forbes.com,G5552509,4360168097,Connecticut
638aef58f6c30ba48bdb37e0,USA,alampelip@bbb.org,G5562162,1727459001,Washington
638aef58f6c30ba48bdb37e1,USA,matackiq@craigslist.org,G5587487,4153875861,Vermont
638aef58f6c30ba48bdb37e2,USA,asharpir@blogs.com,G5583962,6428950525,Alaska
638aef58f6c30ba48bdb37e3,USA,cblucheris@dailymail.co.uk,G5519085,3645015081,Virginia
638aef58f6c30ba48bdb37e4,USA,ddowdallit@tumblr.com,G5526588,8923693915,Kentucky
638aef58f6c30ba48bdb37e5,USA,rchaneyiu@abc.net.au,G5511714,6497986592,Arizona
638aef58f6c30ba48bdb37e6,USA,esifleetiv@example.com,G5563849,7590704319,West Virginia
638aef58f6c30ba48bdb37e7,USA,cbettoniw@cnbc.com,G5524331,7802042500,Minnesota
638aef58f6c30ba48bdb37e8,USA,eloblieix@discovery.com,G5599275,6677224545,Michigan
638aef58f6c30ba48bdb37e9,USA,gellawayiy@live.com,G5581270,0544982650,Tennessee
638aef58f6c30ba48bdb37ea,USA,aashfieldiz@mail.ru,G5531481,4360472068,Illinois
638aef58f6c30ba48bdb37eb,USA,araingerj0@newyorker.com,G5562817,4874090828,South Carolina
638aef58f6c30ba48bdb37ec,USA,fgillivriej1@google.fr,G5536122,1425044373,Montana
638aef58f6c30ba48bdb37ed,USA,lfownesj2@furl.net,G5590230,7702639613,Mississippi
638aef58f6c30ba48bdb37ee,USA,tcrumptonj3@studiopress.com,G5558715,7653362347,Indiana
638aef58f6c30ba48bdb37ef,USA,dcocksj4@youtu.be,G5509744,2935304031,Maine
638aef58f6c30ba48bdb37f0,USA,rboomesj5@nhs.uk,G5562228,1655875697,West Virginia
638aef58f6c30ba48bdb37f1,USA,epinkardj6@instagram.com,G5557816,2100819944,Pennsylvania
638aef58f6c30ba48bdb37f2,USA,jmagnarj7@springer.com,G5552752,8880401093,Arizona
638aef58f6c30ba48bdb37f3,USA,rbattyej8@mapy.cz,G5543281,6837736567,Washington
638aef58f6c30ba48bdb37f4,USA,mbaudouxj9@ed.gov,G5511771,2182919987,Ohio
638aef58f6c30ba48bdb37f5,USA,sblakestonja@jiathis.com,G5556167,6779992356,Vermont
638aef58f6c30ba48bdb37f6,USA,ssmittenjb@moonfruit.com,G5513347,1435286829,Kentucky
638aef58f6c30ba48bdb37f7,USA,rsanciasjc@4shared.com,G5538023,9173103943,New York
638aef58f6c30ba48bdb37f8,USA,wmcclintonjd@wordpress.com,G5519035,1130104472,Massachusetts
638aef58f6c30ba48bdb37f9,USA,szannottije@google.com,G5547236,0217919040,Vermont
638aef58f6c30ba48bdb37fa,USA,kbeesjf@indiegogo.com,G5533370,9562680390,Nebraska
638aef58f6c30ba48bdb37fb,USA,tvickarmanjg@opensource.org,G5530603,2450122227,Ohio
638aef58f6c30ba48bdb37fc,USA,wcampeyjh@cnet.com,G5599188,1795175075,Wisconsin
638aef58f6c30ba48bdb37fd,USA,bsanpherji@quantcast.com,G5531588,1460291922,Rhode Island
638aef58f6c30ba48bdb37fe,USA,rmitskevichjj@whitehouse.gov,G5510048,0740254590,Tennessee
638aef58f6c30ba48bdb37ff,USA,ojordenjk@weebly.com,G5517499,1524160138,Kentucky
638aef58f6c30ba48bdb3800,USA,rhelejl@va.gov,G5581687,6256223527,Colorado
638aef58f6c30ba48bdb3801,USA,cgowanlockjm@livejournal.com,G5500211,3609165877,Alabama
638aef58f6c30ba48bdb3802,USA,sabendrothjn@gnu.org,G5521742,1783468580,Rhode Island
638aef58f6c30ba48bdb3803,USA,thaffendenjo@nifty.com,G5544258,0268447632,Tennessee
638aef58f6c30ba48bdb3804,USA,aleonardijp@behance.net,G5532401,3237915739,Illinois
638aef58f6c30ba48bdb3805,USA,drosajq@so-net.ne.jp,G5521025,4001455285,Oregon
638aef58f6c30ba48bdb3806,USA,lionnisianjr@rakuten.co.jp,G5592555,3622678878,New Hampshire
638aef58f6c30ba48bdb3807,USA,lfennickjs@ning.com,G5594762,5062791010,Oregon
638aef58f6c30ba48bdb3808,USA,swheadonjt@yolasite.com,G5541120,8155234783,New Jersey
638aef58f6c30ba48bdb3809,USA,itoghillju@symantec.com,G5506410,8915242937,Georgia
638aef58f6c30ba48bdb380a,USA,fferrarettojv@census.gov,G5532482,3840088344,Maryland
638aef58f6c30ba48bdb380b,USA,obalyjw@woothemes.com,G5522851,3449618594,Michigan
638aef58f6c30ba48bdb380c,USA,vranklinjx@gizmodo.com,G5552052,8035332774,Utah
638aef58f6c30ba48bdb380d,USA,avianjy@last.fm,G5545482,3711272024,Maine
638aef58f6c30ba48bdb380e,USA,ctarrierjz@g.co,G5594246,0610896940,West Virginia
638aef58f6c30ba48bdb380f,USA,kfenneyk0@thetimes.co.uk,G5524093,5553418778,Michigan
638aef58f6c30ba48bdb3810,USA,jbeerk1@acquirethisname.com,G5527139,0824456445,North Dakota
638aef58f6c30ba48bdb3811,USA,peverleyk2@boston.com,G5560598,8792466838,Missouri
638aef58f6c30ba48bdb3812,USA,anorgank3@army.mil,G5531909,7358853706,Georgia
638aef58f6c30ba48bdb3813,USA,ajahnk4@usnews.com,G5573993,4167504513,Maine
638aef58f6c30ba48bdb3814,USA,dvogeleink5@php.net,G5582660,8360991329,Mississippi
638aef58f6c30ba48bdb3815,USA,apietruszewiczk6@mtv.com,G5509673,5527202057,New York
638aef58f6c30ba48bdb3816,USA,aridholek7@ezinearticles.com,G5596514,7446491959,Wisconsin
638aef58f6c30ba48bdb3817,USA,smundfordk8@slashdot.org,G5550266,6294589027,California
638aef58f6c30ba48bdb3818,USA,bkinghornek9@51.la,G5558921,9561490564,Maine
638aef58f6c30ba48bdb3819,USA,sgreatbatchka@cocolog-nifty.com,G5564820,0601563941,Missouri
638aef58f6c30ba48bdb381a,USA,mbettkb@statcounter.com,G5535538,5173523687,California
638aef58f6c30ba48bdb381b,USA,kandreollikc@jalbum.net,G5597447,8098452347,Wyoming
638aef58f6c30ba48bdb381c,USA,dedmonstonkd@deliciousdays.com,G5546515,2633257945,Nebraska
638aef58f6c30ba48bdb381d,USA,tluciuske@rambler.ru,G5569893,3563250039,California
638aef58f6c30ba48bdb381e,USA,helwynkf@hubpages.com,G5561809,0544133487,Iowa
638aef58f6c30ba48bdb381f,USA,stemperleykg@mapy.cz,G5530212,4293412447,New Jersey
638aef58f6c30ba48bdb3820,USA,jbonelliekh@wired.com,G5512457,4259468530,Illinois
638aef58f6c30ba48bdb3821,USA,nchappleki@acquirethisname.com,G5593989,6317225306,California
638aef58f6c30ba48bdb3822,USA,cbohljekj@noaa.gov,G5516252,2152940798,Rhode Island
638aef58f6c30ba48bdb3823,USA,cizakofkk@wunderground.com,G5582334,4067369933,Tennessee
638aef58f6c30ba48bdb3824,USA,bdearmankl@angelfire.com,G5581535,1583583116,South Carolina
638aef58f6c30ba48bdb3825,USA,tgilhamkm@comcast.net,G5519774,5785034345,Connecticut
638aef58f6c30ba48bdb3826,USA,yshardlowkn@spiegel.de,G5536851,1413625072,Idaho
638aef58f6c30ba48bdb3827,USA,cdeblingko@wix.com,G5592922,0437549254,Hawaii
638aef58f6c30ba48bdb3828,USA,dtawkp@t.co,G5505316,3826111915,Hawaii
638aef58f6c30ba48bdb3829,USA,dmccaddenkq@utexas.edu,G5554300,9342259791,Minnesota
638aef58f6c30ba48bdb382a,USA,lwhilekr@posterous.com,G5517545,5165536184,Kansas
638aef58f6c30ba48bdb382b,USA,ckhomishinks@booking.com,G5510700,8079225285,Louisiana
638aef58f6c30ba48bdb382c,USA,afenkelkt@ox.ac.uk,G5598051,3434173490,Montana
638aef58f6c30ba48bdb382d,USA,bjuaresku@youtu.be,G5501374,1026539008,Maryland
638aef58f6c30ba48bdb382e,USA,salvarokv@infoseek.co.jp,G5523634,2929975819,Illinois
638aef58f6c30ba48bdb382f,USA,helstonkw@washington.edu,G5518206,8714220791,South Dakota
638aef58f6c30ba48bdb3830,USA,nreekenkx@nsw.gov.au,G5537992,8254283910,New York
638aef58f6c30ba48bdb3831,USA,tyareky@is.gd,G5538864,5924600762,Illinois
638aef58f6c30ba48bdb3832,USA,kpopplestonkz@intel.com,G5509444,2479978284,Hawaii
638aef58f6c30ba48bdb3833,USA,tmateusl0@gov.uk,G5544645,8929982359,New Mexico
638aef58f6c30ba48bdb3834,USA,bcarillol1@latimes.com,G5577036,4641295864,Kentucky
638aef58f6c30ba48bdb3835,USA,akepel2@ehow.com,G5518897,8778490217,Oregon
638aef58f6c30ba48bdb3836,USA,nbutterwickl3@youtu.be,G5579747,5796432097,Arizona
638aef58f6c30ba48bdb3837,USA,pmaylourl4@usnews.com,G5537029,3044373499,New Hampshire
638aef58f6c30ba48bdb3838,USA,jmaddiel5@mapquest.com,G5586304,1614169905,Wyoming
638aef58f6c30ba48bdb3839,USA,mlinfordl6@usgs.gov,G5561291,5506975335,Mississippi
638aef58f6c30ba48bdb383a,USA,slaverackl7@geocities.jp,G5517090,6699061782,Montana
638aef58f6c30ba48bdb383b,USA,rwhitlowl8@youtube.com,G5542204,0007294221,Montana
638aef58f6c30ba48bdb383c,USA,streagusl9@t.co,G5528193,7704409138,South Carolina
638aef58f6c30ba48bdb383d,USA,bjurschla@blogger.com,G5571975,5616547205,Minnesota
638aef58f6c30ba48bdb383e,USA,hpoinsettlb@chron.com,G5536308,7207729951,Wyoming
638aef58f6c30ba48bdb383f,USA,hmcclurelc@bluehost.com,G5567459,7204438840,New Jersey
638aef58f6c30ba48bdb3840,USA,traspld@reuters.com,G5516642,3786812359,North Carolina
638aef58f6c30ba48bdb3841,USA,clevyle@reddit.com,G5518926,1725588922,North Carolina
638aef58f6c30ba48bdb3842,USA,njoneslf@shop-pro.jp,G5525319,2546318672,New Jersey
638aef58f6c30ba48bdb3843,USA,lcowielg@weebly.com,G5591976,4067709248,Pennsylvania
638aef58f6c30ba48bdb3844,USA,lsivilllh@unicef.org,G5581799,5672345065,Delaware
638aef58f6c30ba48bdb3845,USA,smatteonili@utexas.edu,G5530447,5917166413,Texas
638aef58f6c30ba48bdb3846,USA,hmoriartylj@amazonaws.com,G5589862,4841667130,Delaware
638aef58f6c30ba48bdb3847,USA,dbentlk@sogou.com,G5517017,4792557186,Vermont
638aef58f6c30ba48bdb3848,USA,mbloysll@amazon.co.uk,G5577072,7786802879,New Hampshire
638aef58f6c30ba48bdb3849,USA,glowrelm@google.ca,G5547896,2179512628,Connecticut
638aef58f6c30ba48bdb384a,USA,ikemmettln@cnbc.com,G5510946,2645862503,Wisconsin
638aef58f6c30ba48bdb384b,USA,kgerhtslo@sciencedirect.com,G5529696,4154059827,Florida
638aef58f6c30ba48bdb384c,USA,cclinchlp@economist.com,G5523562,4729379918,California
638aef58f6c30ba48bdb384d,USA,madcockslq@gizmodo.com,G5548234,4700622323,Michigan
638aef58f6c30ba48bdb384e,USA,cdaudlr@bravesites.com,G5507469,8515256282,Nebraska
638aef58f6c30ba48bdb384f,USA,rellamls@state.gov,G5521139,0248590634,Vermont
638aef58f6c30ba48bdb3850,USA,dpessellt@europa.eu,G5561620,0552370541,Massachusetts
638aef58f6c30ba48bdb3851,USA,aendlu@jigsy.com,G5561334,6631951125,Louisiana
638aef58f6c30ba48bdb3852,USA,wtichelaarlv@goodreads.com,G5588841,7590757500,New Mexico
638aef58f6c30ba48bdb3853,USA,mmckeemanlw@wikimedia.org,G5582738,2678305220,Utah
638aef58f6c30ba48bdb3854,USA,mkestianlx@usgs.gov,G5521906,9166028337,Delaware
638aef58f6c30ba48bdb3855,USA,kpittlely@plala.or.jp,G5563221,2467079325,Washington
638aef58f6c30ba48bdb3856,USA,kstarrslz@facebook.com,G5581156,2615357954,Massachusetts
638aef58f6c30ba48bdb3857,USA,cellimanm0@unblog.fr,G5566464,1459210223,Maine
638aef58f6c30ba48bdb3858,USA,aroughsedgem1@timesonline.co.uk,G5567059,4244770462,Kansas
638aef58f6c30ba48bdb3859,USA,djanczykm2@howstuffworks.com,G5536335,0766494571,Arkansas
638aef58f6c30ba48bdb385a,USA,sgerckensm3@cbc.ca,G5537548,2418163798,Oregon
638aef58f6c30ba48bdb385b,USA,ypassmorem4@163.com,G5599982,0525879942,Utah
638aef58f6c30ba48bdb385c,USA,wolnerm5@myspace.com,G5595654,4914786072,Connecticut
638aef58f6c30ba48bdb385d,USA,vestcourtm6@wikispaces.com,G5563727,9020280371,Oklahoma
638aef58f6c30ba48bdb385e,USA,mdunphym7@jigsy.com,G5527162,7925243927,West Virginia
638aef58f6c30ba48bdb385f,USA,llaydelm8@nationalgeographic.com,G5516122,6971746703,Washington
638aef58f6c30ba48bdb3860,USA,neardleym9@skype.com,G5578259,0465489029,Georgia
638aef58f6c30ba48bdb3861,USA,gjexma@ed.gov,G5532163,9049567654,Oregon
638aef58f6c30ba48bdb3862,USA,rraittiemb@vimeo.com,G5519880,5099418298,Massachusetts
638aef58f6c30ba48bdb3863,USA,amcgilbonmc@arstechnica.com,G5589468,8196755028,Michigan
638aef58f6c30ba48bdb3864,USA,ctsarmd@newyorker.com,G5580275,0207887437,Idaho
638aef58f6c30ba48bdb3865,USA,ahouseme@businessinsider.com,G5500053,6856517657,Virginia
638aef58f6c30ba48bdb3866,USA,horringemf@cisco.com,G5571667,2356630432,Kansas
638aef58f6c30ba48bdb3867,USA,mgallardomg@businesswire.com,G5513755,8257114462,Texas
638aef58f6c30ba48bdb3868,USA,vsimkovitzmh@earthlink.net,G5502778,5014645580,Hawaii
638aef58f6c30ba48bdb3869,USA,nzorzimi@ow.ly,G5501156,7886814799,Arizona
638aef58f6c30ba48bdb386a,USA,mdysonmj@cdbaby.com,G5556744,1562923821,Missouri
638aef58f6c30ba48bdb386b,USA,cgagenmk@china.com.cn,G5549409,6511168100,North Dakota
638aef58f6c30ba48bdb386c,USA,lizkoviciml@aol.com,G5555558,8842814530,North Carolina
638aef58f6c30ba48bdb386d,USA,tmowdaymm@craigslist.org,G5572265,6821347362,Florida
638aef58f6c30ba48bdb386e,USA,hmardollmn@aboutads.info,G5515784,3419145437,Ohio
638aef58f6c30ba48bdb386f,USA,igeytonmo@ow.ly,G5548581,8769427545,Utah
638aef58f6c30ba48bdb3870,USA,fmawtusmp@msu.edu,G5576218,9560177777,Oklahoma
638aef58f6c30ba48bdb3871,USA,aambersonmq@disqus.com,G5516079,9658496039,California
638aef58f6c30ba48bdb3872,USA,mdawdarymr@mysql.com,G5503170,3331228743,Delaware
638aef58f6c30ba48bdb3873,USA,sbeechcraftms@jigsy.com,G5564845,8176317700,Florida
638aef58f6c30ba48bdb3874,USA,ltomasianmt@dmoz.org,G5594274,2142500933,Louisiana
638aef58f6c30ba48bdb3875,USA,dmacanellyemu@123-reg.co.uk,G5534415,4091771082,California
638aef58f6c30ba48bdb3876,USA,gkoptamv@mac.com,G5534135,5501117614,Pennsylvania
638aef58f6c30ba48bdb3877,USA,esisselotmw@patch.com,G5558819,9000656473,Rhode Island
638aef58f6c30ba48bdb3878,USA,mdochonmx@squarespace.com,G5530288,6178585639,Mississippi
638aef58f6c30ba48bdb3879,USA,aelsonmy@yellowbook.com,G5532705,5464645795,Tennessee
638aef58f6c30ba48bdb387a,USA,kheissmz@si.edu,G5592933,8681809551,Florida
638aef58f6c30ba48bdb387b,USA,pleiskn0@illinois.edu,G5571543,2538731012,Arizona
638aef58f6c30ba48bdb387c,USA,mstrevensn1@wix.com,G5551838,3232155320,Missouri
638aef58f6c30ba48bdb387d,USA,mpottenn2@mysql.com,G5514102,7838779954,North Dakota
638aef58f6c30ba48bdb387e,USA,tosipovn3@wunderground.com,G5588254,4235735193,Tennessee
638aef58f6c30ba48bdb387f,USA,ucanizaresn4@aol.com,G5536728,8417580973,Michigan
638aef58f6c30ba48bdb3880,USA,mendn5@ucla.edu,G5591700,8774049986,Oregon
638aef58f6c30ba48bdb3881,USA,jschroedern6@ebay.com,G5582236,5087421390,Oklahoma
638aef58f6c30ba48bdb3882,USA,elomisn7@deliciousdays.com,G5523465,8746018130,North Dakota
638aef58f6c30ba48bdb3883,USA,hgawenn8@twitter.com,G5527593,8005466361,West Virginia
638aef58f6c30ba48bdb3884,USA,jleddyn9@nydailynews.com,G5555423,1975267520,Massachusetts
638aef58f6c30ba48bdb3885,USA,hpillifantna@webnode.com,G5542977,5018606301,Maine
638aef58f6c30ba48bdb3886,USA,srosenbaumnb@blogger.com,G5595820,8726675516,Wisconsin
638aef58f6c30ba48bdb3887,USA,gwilliamsnc@sohu.com,G5580191,4118657129,North Dakota
638aef58f6c30ba48bdb3888,USA,kswinneynd@guardian.co.uk,G5565132,6608670293,Mississippi
638aef58f6c30ba48bdb3889,USA,bfrizellne@canalblog.com,G5537617,5909681735,South Carolina
638aef58f6c30ba48bdb388a,USA,byanelenf@moonfruit.com,G5557474,3549619048,South Carolina
638aef58f6c30ba48bdb388b,USA,kpoateng@weebly.com,G5530579,1011844611,South Carolina
638aef58f6c30ba48bdb388c,USA,rboveynh@weibo.com,G5567705,7080939261,Illinois
638aef58f6c30ba48bdb388d,USA,mferraraccioni@hexun.com,G5564276,3025270597,Tennessee
638aef58f6c30ba48bdb388e,USA,jkleinmintznj@yelp.com,G5573952,0059454265,Kansas
638aef58f6c30ba48bdb388f,USA,ascrivensnk@tumblr.com,G5579904,3128205044,Missouri
638aef58f6c30ba48bdb3890,USA,naltinl@symantec.com,G5593167,5027066215,Montana
638aef58f6c30ba48bdb3891,USA,aaismannm@ebay.com,G5565576,9254535111,Montana
638aef58f6c30ba48bdb3892,USA,hcrockernn@uiuc.edu,G5561152,5216083941,New Mexico
638aef58f6c30ba48bdb3893,USA,dpoveyno@ycombinator.com,G5568303,8800292711,Washington
638aef58f6c30ba48bdb3894,USA,cpellittnp@va.gov,G5533144,8499116252,North Carolina
638aef58f6c30ba48bdb3895,USA,kpughnq@adobe.com,G5530688,1732899095,Oregon
638aef58f6c30ba48bdb3896,USA,amanoellinr@wikipedia.org,G5543184,7993835705,Maryland
638aef58f6c30ba48bdb3897,USA,mgalleyns@cbsnews.com,G5587015,8593616967,Alabama
638aef58f6c30ba48bdb3898,USA,vdabsnt@walmart.com,G5552750,2444049271,Vermont
638aef58f6c30ba48bdb3899,USA,apinnicknu@bing.com,G5566584,7340084612,Iowa
638aef58f6c30ba48bdb389a,USA,bcurtoisnv@multiply.com,G5596613,0904074844,South Dakota
638aef58f6c30ba48bdb389b,USA,bcarbinnw@yellowpages.com,G5504434,4201904118,New Hampshire
638aef58f6c30ba48bdb389c,USA,rrungenx@marriott.com,G5558721,4716695237,Rhode Island
638aef58f6c30ba48bdb389d,USA,rmerrallny@imdb.com,G5543301,7133805968,Massachusetts
638aef58f6c30ba48bdb389e,USA,mthainenz@jugem.jp,G5555713,8536280185,Kansas
638aef58f6c30ba48bdb389f,USA,ssliteo0@edublogs.org,G5597033,1117843264,Texas
638aef58f6c30ba48bdb38a0,USA,mfaustiano1@howstuffworks.com,G5551263,9038660474,Montana
638aef58f6c30ba48bdb38a1,USA,tolehaneo2@squarespace.com,G5507498,3412186093,Iowa
638aef58f6c30ba48bdb38a2,USA,ghearneo3@shop-pro.jp,G5512191,9708070490,Louisiana
638aef58f6c30ba48bdb38a3,USA,svannaho4@instagram.com,G5576309,2240815253,Hawaii
638aef58f6c30ba48bdb38a4,USA,akitto5@whitehouse.gov,G5564778,7515713237,Illinois
638aef58f6c30ba48bdb38a5,USA,gandrzejewskio6@dyndns.org,G5535218,4987761954,Kansas
638aef58f6c30ba48bdb38a6,USA,wburgono7@blog.com,G5574693,7181897663,Arkansas
638aef58f6c30ba48bdb38a7,USA,bblazevico8@chronoengine.com,G5516199,7305389957,Texas
638aef58f6c30ba48bdb38a8,USA,slukeo9@rambler.ru,G5509326,9061986147,Wisconsin
638aef58f6c30ba48bdb38a9,USA,ccattermouloa@multiply.com,G5505251,8674265424,Vermont
638aef58f6c30ba48bdb38aa,USA,vcrunkhornob@blogs.com,G5562865,1409097025,Vermont
638aef58f6c30ba48bdb38ab,USA,lwybourneoc@dyndns.org,G5522420,3870057289,New Mexico
638aef58f6c30ba48bdb38ac,USA,htomczynskiod@canalblog.com,G5571426,2111398115,Nevada
638aef58f6c30ba48bdb38ad,USA,ljeavesoe@dmoz.org,G5557575,1146413883,Oregon
638aef58f6c30ba48bdb38ae,USA,rhagartof@microsoft.com,G5570372,5491134237,Texas
638aef58f6c30ba48bdb38af,USA,alindwasserog@technorati.com,G5556084,5004652567,New York
638aef58f6c30ba48bdb38b0,USA,pdickinsoh@yelp.com,G5507477,9436454002,Maine
638aef58f6c30ba48bdb38b1,USA,tmeldingoi@nature.com,G5532480,1828158810,Wisconsin
638aef58f6c30ba48bdb38b2,USA,lqueyosoj@mtv.com,G5563603,3809058956,Illinois
638aef58f6c30ba48bdb38b3,USA,bdillowayok@twitpic.com,G5549492,7747046621,South Carolina
638aef58f6c30ba48bdb38b4,USA,oaucourteol@ox.ac.uk,G5560195,7753862030,Vermont
638aef58f6c30ba48bdb38b5,USA,achasmerom@sbwire.com,G5508309,3065194604,West Virginia
638aef58f6c30ba48bdb38b6,USA,stulipon@deliciousdays.com,G5571255,2589206171,New Hampshire
638aef58f6c30ba48bdb38b7,USA,xcodlingoo@mozilla.org,G5512357,6197386631,Ohio
638aef58f6c30ba48bdb38b8,USA,bduplockop@nbcnews.com,G5598144,6552779425,North Carolina
638aef58f6c30ba48bdb38b9,USA,pjorryoq@cpanel.net,G5543561,5454038525,Alabama
638aef58f6c30ba48bdb38ba,USA,fsasseror@canalblog.com,G5558063,9144600532,Louisiana
638aef58f6c30ba48bdb38bb,USA,sdymottos@about.com,G5562902,7632977123,Maine
638aef58f6c30ba48bdb38bc,USA,cvickeryot@taobao.com,G5502797,1556501148,North Dakota
638aef58f6c30ba48bdb38bd,USA,psiemantelou@i2i.jp,G5536354,7472688322,Alabama
638aef58f6c30ba48bdb38be,USA,ccoyneov@amazon.co.uk,G5563732,0793657048,Kansas
638aef58f6c30ba48bdb38bf,USA,hdellenbrokow@cdbaby.com,G5537152,4142764276,Maryland
638aef58f6c30ba48bdb38c0,USA,kgallantox@economist.com,G5539145,3286683092,New Mexico
638aef58f6c30ba48bdb38c1,USA,aquinnoy@hubpages.com,G5590935,5983721814,Maryland
638aef58f6c30ba48bdb38c2,USA,bgoulteroz@ebay.co.uk,G5523170,8452151561,Utah
638aef58f6c30ba48bdb38c3,USA,smurtimerp0@narod.ru,G5541172,2745540387,Alaska
638aef58f6c30ba48bdb38c4,USA,hgainesp1@alexa.com,G5586677,0664174552,North Dakota
638aef58f6c30ba48bdb38c5,USA,iniesep2@ycombinator.com,G5567172,6632648063,New Jersey
638aef58f6c30ba48bdb38c6,USA,ebartlesp3@si.edu,G5500545,1695945153,South Carolina
638aef58f6c30ba48bdb38c7,USA,mmandresp4@baidu.com,G5599785,1938455622,West Virginia
638aef58f6c30ba48bdb38c8,USA,bsemeredp5@ucsd.edu,G5567751,7855038642,Kentucky
638aef58f6c30ba48bdb38c9,USA,lkleynenp6@google.pl,G5591555,7950334116,South Dakota
638aef58f6c30ba48bdb38ca,USA,atimblettp7@paginegialle.it,G5568962,0458747597,Vermont
638aef58f6c30ba48bdb38cb,USA,mrulep8@engadget.com,G5539919,7895351362,Missouri
638aef58f6c30ba48bdb38cc,USA,eluquetp9@so-net.ne.jp,G5578617,9293974096,Maryland
638aef58f6c30ba48bdb38cd,USA,rdeetchpa@webeden.co.uk,G5519570,6640881300,New Hampshire
638aef58f6c30ba48bdb38ce,USA,thaddonpb@ebay.co.uk,G5517927,7104091942,Alaska
638aef58f6c30ba48bdb38cf,USA,hbakesefpc@indiegogo.com,G5540147,9529706278,Florida
638aef58f6c30ba48bdb38d0,USA,kgetcliffpd@mlb.com,G5579859,3474389178,Kentucky
638aef58f6c30ba48bdb38d1,USA,keddype@google.it,G5560494,8503875972,Colorado
638aef58f6c30ba48bdb38d2,USA,mdunloppf@skype.com,G5535876,9540969711,Tennessee
638aef58f6c30ba48bdb38d3,USA,emontfortpg@cmu.edu,G5502455,6644562345,Nevada
638aef58f6c30ba48bdb38d4,USA,lselesnickph@sciencedirect.com,G5566551,9059465210,Michigan
638aef58f6c30ba48bdb38d5,USA,forbinepi@pagesperso-orange.fr,G5558054,2750102796,Nebraska
638aef58f6c30ba48bdb38d6,USA,mmccollumpj@ebay.com,G5552066,7185692715,Maine
638aef58f6c30ba48bdb38d7,USA,pblanningpk@forbes.com,G5581511,7543638879,New York
638aef58f6c30ba48bdb38d8,USA,mgonnellypl@live.com,G5522555,2946295241,New Jersey
638aef58f6c30ba48bdb38d9,USA,ktrekerpm@wired.com,G5587667,5472766559,Ohio
638aef58f6c30ba48bdb38da,USA,ochristofepn@constantcontact.com,G5599652,2059244493,Oklahoma
638aef58f6c30ba48bdb38db,USA,cjanssenpo@eventbrite.com,G5574293,4899371165,Ohio
638aef58f6c30ba48bdb38dc,USA,dchadneypp@europa.eu,G5556700,2894437180,Ohio
638aef58f6c30ba48bdb38dd,USA,imarchisopq@github.com,G5598694,7890484539,South Dakota
638aef58f6c30ba48bdb38de,USA,dmattiuzzipr@timesonline.co.uk,G5571265,0762120909,Alaska
638aef58f6c30ba48bdb38df,USA,hyakobovitzps@godaddy.com,G5527126,1210974220,Louisiana
638aef58f6c30ba48bdb38e0,USA,hcharmanpt@google.com.br,G5540632,1937120087,Tennessee
638aef58f6c30ba48bdb38e1,USA,mnorewoodpu@hc360.com,G5590742,2622443662,Maine
638aef58f6c30ba48bdb38e2,USA,bdunbabinpv@hostgator.com,G5526565,6151832014,Florida
638aef58f6c30ba48bdb38e3,USA,lburdpw@goodreads.com,G5566090,1369846572,Nevada
638aef58f6c30ba48bdb38e4,USA,amahometpx@ucoz.ru,G5574416,1141112764,Texas
638aef58f6c30ba48bdb38e5,USA,gproompy@va.gov,G5560452,6438498884,Indiana
638aef58f6c30ba48bdb38e6,USA,vcasbonpz@edublogs.org,G5563463,1267112106,Oregon
638aef58f6c30ba48bdb38e7,USA,rbryanq0@angelfire.com,G5535960,2937213284,Indiana
638aef58f6c30ba48bdb38e8,USA,jseemmondsq1@hexun.com,G5518895,6701670579,Rhode Island
638aef58f6c30ba48bdb38e9,USA,jouryq2@engadget.com,G5549801,5076686139,Idaho
638aef58f6c30ba48bdb38ea,USA,mblecklyq3@slate.com,G5510045,1234055103,Texas
638aef58f6c30ba48bdb38eb,USA,gdewanq4@quantcast.com,G5518450,1198440013,South Dakota
638aef58f6c30ba48bdb38ec,USA,opatenq5@springer.com,G5548087,6164571018,California
638aef58f6c30ba48bdb38ed,USA,qkolczynskiq6@go.com,G5533918,1415655950,Wisconsin
638aef58f6c30ba48bdb38ee,USA,kwetheredq7@shutterfly.com,G5503783,3878392662,Nevada
638aef58f6c30ba48bdb38ef,USA,sdangeloq8@google.nl,G5548182,0114461067,Pennsylvania
638aef58f6c30ba48bdb38f0,USA,icardilloq9@freewebs.com,G5545263,5437660962,Connecticut
638aef58f6c30ba48bdb38f1,USA,bdibleqa@mediafire.com,G5536707,0560403103,Missouri
638aef58f6c30ba48bdb38f2,USA,agerrelsqb@indiegogo.com,G5526870,4059644282,Montana
638aef58f6c30ba48bdb38f3,USA,clawqc@upenn.edu,G5570385,0655355755,South Carolina
638aef58f6c30ba48bdb38f4,USA,llorkinsqd@cyberchimps.com,G5573336,3488117219,Utah
638aef58f6c30ba48bdb38f5,USA,kbaguleyqe@blogspot.com,G5591399,3243247288,Oregon
638aef58f6c30ba48bdb38f6,USA,thoveyqf@sbwire.com,G5540390,8053191590,Louisiana
638aef58f6c30ba48bdb38f7,USA,vboylundqg@ycombinator.com,G5573653,9145945742,Mississippi
638aef58f6c30ba48bdb38f8,USA,lfareyqh@ezinearticles.com,G5507967,4776791670,Minnesota
638aef58f6c30ba48bdb38f9,USA,mmollettqi@wired.com,G5579826,1421993767,Florida
638aef58f6c30ba48bdb38fa,USA,jmacfadinqj@issuu.com,G5504030,5037009428,Washington
638aef58f6c30ba48bdb38fb,USA,osennettqk@va.gov,G5519030,6221879578,Arkansas
638aef58f6c30ba48bdb38fc,USA,pdeansql@businessweek.com,G5513169,6990682733,Georgia
638aef58f6c30ba48bdb38fd,USA,dlocalqm@businesswire.com,G5571008,6814979719,North Carolina
638aef58f6c30ba48bdb38fe,USA,ygoodayleqn@theatlantic.com,G5592461,7812974300,Virginia
638aef58f6c30ba48bdb38ff,USA,fcomberqo@gnu.org,G5526243,6412732616,Arkansas
638aef58f6c30ba48bdb3900,USA,rstelfoxqp@fda.gov,G5565588,0362766186,Georgia
638aef58f6c30ba48bdb3901,USA,astackbridgeqq@nifty.com,G5540952,6123806251,Washington
638aef58f6c30ba48bdb3902,USA,bchallenerqr@umich.edu,G5516854,1021428674,New York
638aef58f6c30ba48bdb3903,USA,wcuskeryqs@sakura.ne.jp,G5573864,5521822400,Connecticut
638aef58f6c30ba48bdb3904,USA,mcrankhornqt@privacy.gov.au,G5597962,0014228519,Nevada
638aef58f6c30ba48bdb3905,USA,massurqu@domainmarket.com,G5574710,1137164944,Arkansas
638aef58f6c30ba48bdb3906,USA,cpotkinsqv@techcrunch.com,G5510314,2455929731,Vermont
638aef58f6c30ba48bdb3907,USA,dlongqw@java.com,G5566197,7997912875,Virginia
638aef58f6c30ba48bdb3908,USA,aandroliqx@upenn.edu,G5553429,2391548364,Arkansas
638aef58f6c30ba48bdb3909,USA,bwendoverqy@howstuffworks.com,G5596890,4112502053,South Carolina
638aef58f6c30ba48bdb390a,USA,bosgarbyqz@theatlantic.com,G5539664,7145934848,Vermont
638aef58f6c30ba48bdb390b,USA,iosharryr0@ustream.tv,G5566829,6236841741,Delaware
638aef58f6c30ba48bdb390c,USA,jsussamsr1@accuweather.com,G5519863,1869907963,Mississippi
638aef58f6c30ba48bdb390d,USA,mgorrier2@si.edu,G5533417,3542742986,New Mexico
638aef58f6c30ba48bdb390e,USA,tchristopherr3@geocities.jp,G5554505,6979370020,Tennessee
638aef58f6c30ba48bdb390f,USA,gmatushenkor4@angelfire.com,G5575304,3880004045,Oregon
638aef58f6c30ba48bdb3910,USA,lfrancinor5@paypal.com,G5510121,1490705302,Alaska
638aef58f6c30ba48bdb3911,USA,bmainsr6@redcross.org,G5573379,2060220228,Florida
638aef58f6c30ba48bdb3912,USA,rharnimanr7@fc2.com,G5591918,5610639878,North Carolina
638aef58f6c30ba48bdb3913,USA,vminersr8@cargocollective.com,G5547306,9928844252,Colorado
638aef58f6c30ba48bdb3914,USA,jgarbertr9@auda.org.au,G5590130,3158393044,Maryland
638aef58f6c30ba48bdb3915,USA,apenderedra@vinaora.com,G5565230,1306400024,Maine
638aef58f6c30ba48bdb3916,USA,khakewellrb@cnbc.com,G5510102,8594479687,Alaska
638aef58f6c30ba48bdb3917,USA,agalliennerc@ed.gov,G5501212,8269525886,North Carolina
638aef58f6c30ba48bdb3918,USA,levequotrd@fema.gov,G5578502,9685262891,Hawaii
638aef58f6c30ba48bdb3919,USA,rsmorfitre@discovery.com,G5502699,8685580579,Rhode Island
638aef58f6c30ba48bdb391a,USA,otesmondrf@barnesandnoble.com,G5513315,0191295865,North Dakota
638aef58f6c30ba48bdb391b,USA,mbimrg@oakley.com,G5501737,0165605575,Arkansas
638aef58f6c30ba48bdb391c,USA,aburnrh@reuters.com,G5514330,2700819343,Idaho
638aef58f6c30ba48bdb391d,USA,dhockeyri@surveymonkey.com,G5575383,7162645836,Vermont
638aef58f6c30ba48bdb391e,USA,dblowfieldrj@mapquest.com,G5550006,8981036598,Minnesota
638aef58f6c30ba48bdb391f,USA,khachardrk@reverbnation.com,G5589213,5439555621,Utah
638aef58f6c30ba48bdb3920,USA,fratleyrl@cargocollective.com,G5554675,1332497551,New Hampshire
638aef58f6c30ba48bdb3921,USA,cmckibbenrm@ca.gov,G5576844,3754884054,Rhode Island
638aef58f6c30ba48bdb3922,USA,aboylern@miitbeian.gov.cn,G5586372,0064055153,Wisconsin
638aef58f6c30ba48bdb3923,USA,fgosnayro@desdev.cn,G5580813,9727362510,West Virginia
638aef58f6c30ba48bdb3924,USA,sratnagerp@google.co.uk,G5555807,6407214412,New Mexico
638aef58f6c30ba48bdb3925,USA,tstigersrq@businessinsider.com,G5571577,7694623525,Colorado
638aef58f6c30ba48bdb3926,USA,etizardrr@mapy.cz,G5577830,3064129011,Rhode Island
638af630116a32a74dbb914a,USA,kkil335@twitter.com,G0133333,2473260676,Alabama
638f8957806267151fed1914,USA,qpkzi532@proto.com,G01234567,0742988448,Arizona
638fe3f820a8b9a407d956a7,USA,yrillt73@github.com,G0133314,9315990610,Alabama
638fe46420a8b9a407d956a9,USA,wpaaw294@yahoo.com,G01333314,4625149083,Alaska
63914b9ac77449dac5a9f3a1,USA,mfnnlq04@twitter.com,G0133300,4974898192,Arkansas
63914f0dad399ff64e9dabf9,USA,bypxhf62@github.com,G0133444,1522242669,Alaska